created_at,entry_id,moisture,temperature,conductivity,ph,nitrogen,phosphorus,potassium
2026-02-04T15:36:55+00:00,1,55.6,18.8,646,6.4,96,268,262
2026-02-04T15:37:12+00:00,2,55.4,18.8,645,6.4,96,268,262
2026-02-04T15:37:29+00:00,3,55.6,18.8,645,6.4,96,268,262
2026-02-04T15:37:46+00:00,4,55.6,18.8,644,6.4,95,267,261
2026-02-04T15:38:02+00:00,5,55.4,18.8,642,6.4,95,266,260
2026-02-04T15:38:19+00:00,6,55.4,18.8,642,6.4,95,266,260
2026-02-04T15:38:35+00:00,7,55.4,18.8,642,6.4,95,266,260
2026-02-04T15:38:52+00:00,8,55.4,18.7,640,6.4,95,265,259
2026-02-04T15:39:08+00:00,9,55.4,18.8,640,6.4,95,265,259
2026-02-04T15:39:25+00:00,10,55.4,18.7,639,6.4,94,265,259
2026-02-04T15:39:41+00:00,11,55.4,18.7,637,6.4,94,264,258
2026-02-04T15:39:58+00:00,12,55.2,18.7,637,6.4,94,264,258
2026-02-04T15:40:15+00:00,13,55.2,18.7,637,6.4,94,264,258
2026-02-04T15:40:31+00:00,14,55.2,18.7,636,6.4,94,263,258
2026-02-04T15:40:48+00:00,15,55.2,18.7,635,6.4,94,263,257
2026-02-04T15:41:04+00:00,16,55.2,18.7,635,6.4,94,263,257
2026-02-04T15:41:21+00:00,17,55.2,18.7,633,6.4,93,262,256
2026-02-04T15:41:38+00:00,18,55,18.7,632,6.4,93,262,256
2026-02-04T15:41:54+00:00,19,55.2,18.7,632,6.4,93,262,256
2026-02-04T15:42:11+00:00,20,55.2,18.7,631,6.4,93,261,255
2026-02-04T15:42:27+00:00,21,55,18.7,630,6.4,93,261,255
2026-02-04T15:42:44+00:00,22,55,18.7,630,6.4,93,261,255
2026-02-04T15:43:00+00:00,23,55,18.7,628,6.4,92,260,254
2026-02-04T15:43:38+00:00,24,54.9,18.7,627,6.4,92,259,253
2026-02-04T15:43:55+00:00,25,54.9,18.7,626,6.4,92,259,253
2026-02-04T15:44:14+00:00,26,54.9,18.7,625,6.4,92,258,252
2026-02-04T15:44:30+00:00,27,54.9,18.7,625,6.4,92,258,252
2026-02-04T15:44:47+00:00,28,54.9,18.7,623,6.4,91,257,251
2026-02-04T15:45:03+00:00,29,54.9,18.7,623,6.4,91,257,251
2026-02-04T15:45:20+00:00,30,54.9,18.7,622,6.4,91,257,251
2026-02-04T15:45:37+00:00,31,54.9,18.7,621,6.4,91,256,250
2026-02-04T15:45:53+00:00,32,54.9,18.7,621,6.4,91,256,250
2026-02-04T15:46:11+00:00,33,54.9,18.7,618,6.4,90,255,249
2026-02-04T15:46:28+00:00,34,54.9,18.7,618,6.4,90,255,249
2026-02-04T15:46:45+00:00,35,54.7,18.7,617,6.4,90,254,248
2026-02-04T15:47:01+00:00,36,54.7,18.7,616,6.4,90,254,248
2026-02-04T15:47:17+00:00,37,54.7,18.7,616,6.4,90,254,248
2026-02-04T15:47:34+00:00,38,54.7,18.7,614,6.4,89,253,247
2026-02-04T15:47:50+00:00,39,54.7,18.6,613,6.4,89,252,246
2026-02-04T15:48:07+00:00,40,54.7,18.6,614,6.4,89,253,247
2026-02-04T15:48:23+00:00,41,54.7,18.6,612,6.4,89,252,246
2026-02-04T15:48:40+00:00,42,54.5,18.6,613,6.4,89,252,246
2026-02-04T15:48:57+00:00,43,54.5,18.7,610,6.4,88,251,245
2026-02-04T15:49:14+00:00,44,54.5,18.6,610,6.4,88,251,245
2026-02-04T15:49:32+00:00,45,54.5,18.6,609,6.4,88,250,244
2026-02-04T15:49:48+00:00,46,54.5,18.6,607,6.4,88,249,243
2026-02-04T15:50:06+00:00,47,54.5,18.6,608,6.4,88,250,244
2026-02-04T15:50:23+00:00,48,54.3,18.6,607,6.4,88,249,243
2026-02-04T15:50:44+00:00,49,54.3,18.6,605,6.4,87,249,242
2026-02-04T15:51:01+00:00,50,54.3,18.6,605,6.4,87,249,242
2026-02-04T15:51:18+00:00,51,54.3,18.6,604,6.4,87,248,242
2026-02-04T15:51:34+00:00,52,54.3,18.6,603,6.4,87,248,241
2026-02-04T15:51:51+00:00,53,54.3,18.6,603,6.4,87,248,241
2026-02-04T15:52:08+00:00,54,54.2,18.6,603,6.4,87,248,241
2026-02-04T15:52:24+00:00,55,54.2,18.6,601,6.4,87,247,240
2026-02-04T15:52:41+00:00,56,54.3,18.6,600,6.4,86,246,240
2026-02-04T15:52:57+00:00,57,54.2,18.6,600,6.4,86,246,240
2026-02-04T15:53:14+00:00,58,53.8,18.6,599,6.4,86,246,240
2026-02-04T15:53:31+00:00,59,53.8,18.6,598,6.4,86,245,239
2026-02-04T15:53:47+00:00,60,53.8,18.6,598,6.4,86,245,239
2026-02-04T15:54:04+00:00,61,53.8,18.6,595,6.4,85,244,238
2026-02-04T15:54:20+00:00,62,53.8,18.6,594,6.4,85,243,237
2026-02-04T15:54:37+00:00,63,53.8,18.6,594,6.4,85,243,237
2026-02-04T15:54:53+00:00,64,53.8,18.6,593,6.4,85,243,237
2026-02-04T15:55:10+00:00,65,53.6,18.6,593,6.3,85,243,237
2026-02-04T15:55:27+00:00,66,53.6,18.5,593,6.4,85,243,237
2026-02-04T15:55:43+00:00,67,53.6,18.5,590,6.4,84,241,235
2026-02-04T15:56:00+00:00,68,53.6,18.5,590,6.4,84,241,235
2026-02-04T15:56:16+00:00,69,53.5,18.6,590,6.4,84,241,235
2026-02-04T15:56:33+00:00,70,53.6,18.5,589,6.4,84,241,235
2026-02-04T15:56:49+00:00,71,53.6,18.5,589,6.4,84,241,235
2026-02-04T15:57:06+00:00,72,53.6,18.5,589,6.4,84,241,235
2026-02-04T15:57:22+00:00,73,53.5,18.5,587,6.4,84,240,234
2026-02-04T15:57:39+00:00,74,53.5,18.5,586,6.4,83,239,233
2026-02-04T15:57:55+00:00,75,53.5,18.5,586,6.4,83,239,233
2026-02-04T15:58:12+00:00,76,53.5,18.5,585,6.4,83,239,233
2026-02-04T15:58:28+00:00,77,53.5,18.5,585,6.4,83,239,233
2026-02-04T15:58:45+00:00,78,53.5,18.5,584,6.4,83,238,232
2026-02-04T15:59:01+00:00,79,53.5,18.5,584,6.4,83,238,232
2026-02-04T15:59:18+00:00,80,53.5,18.5,582,6.4,83,237,231
2026-02-04T15:59:34+00:00,81,53.5,18.5,584,6.4,83,238,232
2026-02-04T15:59:51+00:00,82,53.5,18.5,581,6.4,82,237,231
2026-02-04T16:00:08+00:00,83,53.5,18.5,581,6.4,82,237,231
2026-02-04T16:00:26+00:00,84,53.5,18.5,580,6.4,82,236,230
2026-02-04T16:00:45+00:00,85,53.5,18.5,578,6.4,82,236,229
2026-02-04T16:01:02+00:00,86,53.3,18.5,578,6.4,82,236,229
2026-02-04T16:01:18+00:00,87,53.5,18.5,577,6.4,81,235,229
2026-02-04T16:01:35+00:00,88,53.5,18.5,576,6.4,81,235,228
2026-02-04T16:01:52+00:00,89,53.3,18.5,576,6.4,81,235,228
2026-02-04T16:02:08+00:00,90,53.3,18.5,575,6.4,81,234,228
2026-02-04T16:02:25+00:00,91,53.1,18.5,575,6.4,81,234,228
2026-02-04T16:02:41+00:00,92,8.1,18.5,0,6.4,0,0,0
2026-02-04T16:02:58+00:00,93,8.1,17,0,7.3,0,0,0
2026-02-04T16:03:15+00:00,94,8.1,16.6,0,6.6,0,0,0
2026-02-04T16:03:32+00:00,95,8.1,16.6,0,6.4,0,0,0
2026-02-04T16:04:42+00:00,96,0,16.7,0,9,0,0,0
2026-02-05T05:56:47+00:00,97,0,32,0,7.5,0,0,0
2026-02-05T06:04:15+00:00,98,57,20.8,559,6.2,78,226,220
2026-02-05T06:04:31+00:00,99,56.7,20.9,561,6.1,78,227,221
2026-02-05T06:04:53+00:00,100,56.9,20.9,564,6,79,229,223
2026-02-05T06:05:09+00:00,101,56.5,21,567,5.9,79,230,224
2026-02-05T06:05:26+00:00,102,358.6,1356.8,54018,1408,14848,20224,58880
2026-02-05T06:05:42+00:00,103,358.6,1305.6,54018,1510.4,14848,20480,59392
2026-02-05T06:05:58+00:00,104,358.6,1254.4,54018,1510.4,14592,20480,59392
2026-02-05T06:06:15+00:00,105,358.6,1254.4,54274,1510.4,14592,20480,59392
2026-02-05T06:06:31+00:00,106,358.6,1254.4,54274,1536,14592,20480,59648
2026-02-05T06:06:48+00:00,107,358.6,1254.4,54274,1561.6,14336,20736,59648
2026-02-05T06:07:04+00:00,108,358.6,1254.4,54530,1536,14336,20480,59648
2026-02-05T06:07:20+00:00,109,358.6,1203.2,54530,1612.8,14336,20736,59904
2026-02-05T06:07:37+00:00,110,358.6,1203.2,54530,1612.8,14336,20736,59904
2026-02-05T06:07:53+00:00,111,358.6,1203.2,54530,1612.8,14336,20736,59904
2026-02-05T06:08:10+00:00,112,358.6,1203.2,54786,1612.8,14336,20736,59904
2026-02-05T06:08:29+00:00,113,358.6,1203.2,54786,1612.8,14080,20736,59904
2026-02-05T06:08:45+00:00,114,358.6,1203.2,54786,1638.4,14080,20736,60160
2026-02-05T06:09:02+00:00,115,358.6,1152,54786,1612.8,14080,20736,59904
2026-02-05T06:09:19+00:00,116,358.6,1152,54786,1664,14080,20736,60160
2026-02-05T06:09:35+00:00,117,358.6,1203.2,54786,1638.4,14080,20736,60160
2026-02-05T06:09:52+00:00,118,358.6,1203.2,55042,1638.4,14080,20736,60160
2026-02-05T06:10:08+00:00,119,358.6,1152,55042,1638.4,14080,20736,60160
2026-02-05T06:10:25+00:00,120,358.6,1152,55042,1638.4,14080,20736,60160
2026-02-05T06:10:41+00:00,121,358.6,1152,55042,1612.8,14080,20736,59904
2026-02-05T06:10:58+00:00,122,358.6,1152,55042,1664,14080,20736,60160
2026-02-05T06:11:14+00:00,123,358.6,1152,55042,1638.4,14080,20736,60160
2026-02-05T06:11:31+00:00,124,358.6,1152,55042,1638.4,14080,20736,60160
2026-02-05T06:11:47+00:00,125,358.6,1152,55042,1638.4,14080,20736,60160
2026-02-05T06:12:04+00:00,126,358.6,1152,55042,1664,14080,20736,60160
2026-02-05T06:12:20+00:00,127,358.6,1152,55042,1612.8,14080,20736,59904
2026-02-05T06:12:37+00:00,128,358.6,1152,55042,1612.8,14080,20736,59904
2026-02-05T06:12:53+00:00,129,358.6,1152,55042,1612.8,14080,20736,59904
2026-02-05T06:13:10+00:00,130,358.6,1152,55042,1638.4,14080,20736,60160
2026-02-05T06:13:26+00:00,131,358.6,1152,55042,1638.4,14080,20736,60160
2026-02-05T06:13:42+00:00,132,358.6,1152,55042,1612.8,14080,20736,59904
2026-02-05T06:13:59+00:00,133,358.6,1126.4,55042,1612.8,14080,20736,59904
2026-02-05T06:14:15+00:00,134,358.6,1152,55042,1612.8,14080,20736,59904
2026-02-05T06:14:31+00:00,135,358.6,1126.4,55042,1612.8,14080,20736,59904
2026-02-05T06:14:48+00:00,136,358.6,1126.4,55042,1612.8,14080,20736,59904
2026-02-05T06:15:04+00:00,137,358.6,1152,55042,1612.8,14080,20736,59904
2026-02-05T06:15:21+00:00,138,358.6,1152,55042,1612.8,14080,20736,59904
2026-02-05T06:15:37+00:00,139,358.6,1152,55042,1561.6,14080,20736,59648
2026-02-05T06:15:53+00:00,140,358.6,1126.4,55042,1536,14080,20480,59648
2026-02-05T06:16:10+00:00,141,358.6,1126.4,55042,1561.6,14080,20736,59648
2026-02-05T06:16:29+00:00,142,358.6,1152,54786,1536,14080,20480,59648
2026-02-05T06:16:45+00:00,143,358.6,1152,55042,1536,14080,20480,59648
2026-02-05T06:17:01+00:00,144,358.6,1152,54786,1536,14080,20480,59648
2026-02-05T06:17:18+00:00,145,358.6,1126.4,55042,1510.4,14080,20480,59392
2026-02-05T06:17:34+00:00,146,358.6,1152,54786,1510.4,14080,20480,59392
2026-02-05T06:17:50+00:00,147,358.6,1152,54786,1510.4,14080,20480,59392
2026-02-05T06:18:07+00:00,148,358.6,1152,54786,1510.4,14080,20480,59392
2026-02-05T06:18:24+00:00,149,358.6,1152,54786,1510.4,14080,20480,59392
2026-02-05T06:18:40+00:00,150,358.6,1152,54786,1459.2,14080,20480,59136
2026-02-05T06:18:56+00:00,151,358.6,1152,54786,1459.2,14080,20480,59136
2026-02-05T06:19:13+00:00,152,358.6,1126.4,54786,1459.2,14080,20480,59136
2026-02-05T06:19:29+00:00,153,358.6,1126.4,54786,1433.6,14080,20480,59136
2026-02-05T06:19:47+00:00,154,358.6,1126.4,54786,1433.6,14080,20480,59136
2026-02-05T06:20:03+00:00,155,358.6,1126.4,54786,1408,14080,20224,58880
2026-02-05T06:20:19+00:00,156,358.6,1152,54786,1408,14080,20224,58880
2026-02-05T06:20:35+00:00,157,358.6,1126.4,54786,1408,14080,20224,58880
2026-02-05T06:20:52+00:00,158,358.6,1126.4,54786,1408,14080,20224,58880
2026-02-05T06:21:08+00:00,159,358.6,1126.4,54530,1408,14080,20224,58880
2026-02-05T06:21:25+00:00,160,358.6,1126.4,54530,1408,14080,20224,58880
2026-02-05T06:21:42+00:00,161,358.6,1126.4,54530,1382.4,14080,20224,58880
2026-02-05T06:21:59+00:00,162,358.6,1126.4,54530,1382.4,14080,20224,58880
2026-02-05T06:22:15+00:00,163,358.6,1126.4,54530,1382.4,14080,20224,58880
2026-02-05T06:22:31+00:00,164,358.6,1152,54530,1382.4,14080,20224,58880
2026-02-05T06:22:48+00:00,165,358.6,1152,54530,1382.4,14080,20224,58880
2026-02-05T06:23:04+00:00,166,358.6,1152,54530,1382.4,14080,20224,58880
2026-02-05T06:23:21+00:00,167,358.6,1152,54530,1382.4,14080,20224,58880
2026-02-05T06:23:37+00:00,168,358.6,1152,54530,1331.2,14080,20224,58624
2026-02-05T06:23:54+00:00,169,358.6,1152,54530,1331.2,14080,20224,58624
2026-02-05T06:24:11+00:00,170,358.6,1152,54274,1305.6,14080,20224,58368
2026-02-05T06:24:27+00:00,171,358.6,1152,54274,1331.2,14080,20224,58624
2026-02-05T06:24:44+00:00,172,358.6,1152,54274,1331.2,14336,20224,58624
2026-02-05T06:25:00+00:00,173,358.6,1203.2,54274,1331.2,14336,20224,58624
2026-02-05T06:25:16+00:00,174,358.6,1203.2,54274,1331.2,14336,20224,58624
2026-02-05T06:25:33+00:00,175,358.6,1254.4,54274,1305.6,14336,20224,58368
2026-02-05T06:25:49+00:00,176,358.6,1254.4,54274,1331.2,14336,20224,58624
2026-02-05T06:26:06+00:00,177,358.6,1254.4,54274,1331.2,14336,20224,58624
2026-02-05T06:26:22+00:00,178,358.6,1254.4,54274,1331.2,14336,20224,58624
2026-02-05T06:26:38+00:00,179,358.6,1254.4,54274,1331.2,14336,20224,58624
2026-02-05T06:26:55+00:00,180,358.6,1254.4,54274,1331.2,14336,20224,58624
2026-02-05T06:27:12+00:00,181,358.6,1305.6,54274,1331.2,14336,20224,58624
2026-02-05T06:27:28+00:00,182,358.6,1305.6,54018,1331.2,14336,20224,58624
2026-02-05T06:27:45+00:00,183,358.6,1305.6,54274,1305.6,14336,20224,58368
2026-02-05T06:28:01+00:00,184,358.6,1305.6,54018,1331.2,14336,20224,58624
2026-02-05T06:28:17+00:00,185,358.6,1356.8,54018,1331.2,14336,20224,58624
2026-02-05T06:28:33+00:00,186,358.6,1356.8,54018,1331.2,14336,20224,58624
2026-02-05T06:28:50+00:00,187,358.6,1305.6,54018,1331.2,14336,20224,58624
2026-02-05T06:29:08+00:00,188,358.6,1356.8,54018,1382.4,14336,20224,58880
2026-02-05T06:29:24+00:00,189,358.6,1305.6,54018,1382.4,14336,20224,58880
2026-02-05T06:29:41+00:00,190,358.6,1356.8,54018,1382.4,14336,20224,58880
2026-02-05T06:29:57+00:00,191,358.6,1356.8,54018,1382.4,14336,20224,58880
2026-02-05T06:30:14+00:00,192,358.6,1356.8,54018,1408,14336,20224,58880
2026-02-05T06:30:30+00:00,193,358.6,1356.8,54018,1408,14336,20224,58880
2026-02-05T06:30:47+00:00,194,358.6,1356.8,54018,1433.6,14336,20480,59136
2026-02-05T06:31:03+00:00,195,358.6,1408,54018,1433.6,14336,20480,59136
2026-02-05T06:31:19+00:00,196,358.6,1408,54018,1433.6,14336,20480,59136
2026-02-05T06:31:36+00:00,197,358.6,1408,54018,1433.6,14336,20480,59136
2026-02-05T06:31:52+00:00,198,358.6,1408,54018,1433.6,14336,20480,59136
2026-02-05T06:32:10+00:00,199,358.6,1459.2,54018,1459.2,14336,20480,59136
2026-02-05T06:32:27+00:00,200,358.6,1459.2,54018,1459.2,14336,20480,59136
2026-02-05T06:32:43+00:00,201,358.6,1459.2,54018,1459.2,14592,20480,59136
2026-02-05T06:32:59+00:00,202,358.6,1484.8,54018,1459.2,14592,20480,59136
2026-02-05T06:33:16+00:00,203,358.6,1484.8,54018,1510.4,14592,20480,59392
2026-02-05T06:33:32+00:00,204,358.6,1484.8,54018,1510.4,14592,20480,59392
2026-02-05T06:33:49+00:00,205,358.6,1484.8,54018,1510.4,14592,20480,59392
2026-02-05T06:34:05+00:00,206,358.6,1536,54018,1536,14592,20480,59648
2026-02-05T06:34:21+00:00,207,358.6,1536,53762,1536,14592,20480,59648
2026-02-05T06:34:38+00:00,208,358.6,1536,54018,1510.4,14592,20480,59392
2026-02-05T06:34:54+00:00,209,358.6,1536,54018,1561.6,14592,20736,59648
2026-02-05T06:35:10+00:00,210,358.6,1536,53762,1536,14592,20480,59648
2026-02-05T06:35:27+00:00,211,358.6,1587.2,53762,1561.6,14592,20736,59648
2026-02-05T06:35:43+00:00,212,358.6,1587.2,53762,1561.6,14592,20736,59648
2026-02-05T06:35:59+00:00,213,358.6,1587.2,54018,1561.6,14592,20736,59648
2026-02-05T06:36:16+00:00,214,358.6,1638.4,54018,1561.6,14592,20736,59648
2026-02-05T06:36:33+00:00,215,358.6,1638.4,54018,1561.6,14592,20736,59648
2026-02-05T06:36:49+00:00,216,358.6,1638.4,53762,1612.8,14592,20736,59904
2026-02-05T06:37:11+00:00,217,358.6,1638.4,53762,1638.4,14592,20736,60160
2026-02-05T06:37:27+00:00,218,358.6,1689.6,53762,1638.4,14592,20736,60160
2026-02-05T06:37:48+00:00,219,358.6,1689.6,53762,1664,14592,20736,60160
2026-02-05T06:38:04+00:00,220,358.6,1689.6,53762,1664,14592,20736,60160
2026-02-05T06:38:25+00:00,221,358.6,1689.6,53762,1664,14592,20736,60160
2026-02-05T06:38:42+00:00,222,358.6,1740.8,53762,1664,14848,20736,60160
2026-02-05T06:39:03+00:00,223,358.6,1740.8,54018,1664,14848,20736,60160
2026-02-05T06:39:19+00:00,224,358.6,1740.8,53762,1689.6,14848,20992,60416
2026-02-05T06:39:36+00:00,225,358.6,1740.8,53762,1689.6,14848,20992,60416
2026-02-05T06:39:52+00:00,226,358.6,1740.8,53762,1689.6,14848,20992,60416
2026-02-05T06:40:09+00:00,227,358.6,1740.8,53762,1740.8,14848,20992,60416
2026-02-05T06:40:25+00:00,228,358.6,1792,53762,1740.8,14848,20992,60416
2026-02-05T06:40:41+00:00,229,358.6,1792,53762,1740.8,14848,20992,60416
2026-02-05T06:41:00+00:00,230,358.6,1792,53762,1740.8,14848,20992,60416
2026-02-05T06:41:18+00:00,231,358.6,1792,53762,1766.4,14848,20992,60672
2026-02-05T06:41:34+00:00,232,358.6,1792,53762,1766.4,14848,20992,60672
2026-02-05T06:41:51+00:00,233,358.6,1792,53762,1766.4,14848,20992,60672
2026-02-05T06:42:08+00:00,234,358.6,1792,53762,1766.4,14848,20992,60672
2026-02-05T06:42:25+00:00,235,358.6,1817.6,53762,1766.4,14848,20992,60672
2026-02-05T06:42:41+00:00,236,358.6,1817.6,54018,1792,14848,21248,60672
2026-02-05T06:42:57+00:00,237,358.6,1817.6,53762,1792,14848,21248,60672
2026-02-05T06:43:13+00:00,238,358.6,1868.8,54018,1792,14848,21248,60672
2026-02-05T06:43:30+00:00,239,358.6,1868.8,53762,1792,14848,21248,60672
2026-02-05T06:43:48+00:00,240,358.6,1868.8,54018,1792,14848,21248,60672
2026-02-05T06:44:04+00:00,241,358.6,1817.6,54018,1792,14848,21248,60672
2026-02-05T06:44:20+00:00,242,358.6,1868.8,54018,1792,14848,21248,60672
2026-02-05T06:44:36+00:00,243,358.6,1868.8,53762,1792,15104,21248,60672
2026-02-05T06:44:53+00:00,244,358.6,1868.8,53762,1792,15104,21248,60672
2026-02-05T06:45:09+00:00,245,358.6,1920,54018,1843.2,15104,21248,60928
2026-02-05T06:45:30+00:00,246,358.6,1868.8,54018,1843.2,15104,21248,60928
2026-02-05T06:46:17+00:00,247,358.6,1920,54018,1843.2,15104,21248,60928
2026-02-05T06:46:33+00:00,248,358.6,1920,54018,1868.8,15104,21248,61184
2026-02-05T06:46:55+00:00,249,358.6,1920,54018,1868.8,15104,21248,61184
2026-02-05T06:47:11+00:00,250,358.6,1920,54018,1868.8,15104,21248,61184
2026-02-05T06:47:27+00:00,251,358.6,1971.2,54018,1868.8,15104,21248,61184
2026-02-05T06:48:09+00:00,252,358.6,1971.2,54018,1868.8,15104,21248,61184
2026-02-05T06:48:30+00:00,253,358.6,1971.2,54018,1920,15104,21504,61440
2026-02-05T06:48:47+00:00,254,358.6,1920,54018,1868.8,15104,21248,61184
2026-02-05T06:49:09+00:00,255,358.6,1971.2,54018,1894.4,15104,21248,61184
2026-02-05T06:49:35+00:00,256,358.6,1971.2,54018,1843.2,15104,21248,60928
2026-02-05T06:49:56+00:00,257,358.6,1971.2,54018,1894.4,15104,21248,61184
2026-02-05T06:51:09+00:00,258,358.6,1971.2,54018,1894.4,15360,21248,61184
2026-02-05T06:51:25+00:00,259,358.6,2022.4,54018,1868.8,15360,21248,61184
2026-02-05T06:51:47+00:00,260,358.6,1971.2,54018,1868.8,15360,21248,61184
2026-02-05T06:52:03+00:00,261,358.6,1971.2,54018,1894.4,15360,21248,61184
2026-02-05T06:52:20+00:00,262,358.6,2022.4,54018,1894.4,15360,21248,61184
2026-02-05T06:52:41+00:00,263,358.6,2022.4,54018,1894.4,15360,21248,61184
2026-02-05T06:53:23+00:00,264,358.6,2022.4,54018,1894.4,15360,21248,61184
2026-02-05T06:53:39+00:00,265,358.6,2022.4,54018,1894.4,15360,21248,61184
2026-02-05T06:54:54+00:00,266,358.6,2073.6,54018,1920,15360,21504,61440
2026-02-05T06:55:10+00:00,267,358.6,2073.6,54018,1920,15360,21504,61440
2026-02-05T06:55:27+00:00,268,358.6,2073.6,54018,1920,15360,21504,61440
2026-02-05T06:55:43+00:00,269,358.6,2073.6,54018,1920,15360,21504,61440
2026-02-05T06:56:04+00:00,270,358.6,2022.4,54018,1971.2,15360,21504,61696
2026-02-05T06:56:20+00:00,271,358.6,2073.6,54018,1971.2,15360,21504,61696
2026-02-05T06:58:18+00:00,272,358.6,2073.6,54018,1971.2,15616,21504,61696
2026-02-05T06:59:01+00:00,273,358.6,2073.6,54018,1971.2,15616,21504,61696
2026-02-05T06:59:17+00:00,274,358.6,2073.6,54018,1971.2,15616,21504,61696
2026-02-05T06:59:33+00:00,275,358.6,2073.6,54274,1996.8,15616,21504,61696
2026-02-05T06:59:54+00:00,276,358.6,2073.6,54274,1996.8,15616,21504,61696
2026-02-05T07:00:11+00:00,277,358.6,2073.6,54274,1996.8,15616,21504,61696
2026-02-05T07:00:52+00:00,278,358.6,2073.6,54274,2022.4,15616,21504,61952
2026-02-05T07:01:09+00:00,279,358.6,2073.6,54274,2022.4,15872,21504,61952
2026-02-05T07:01:30+00:00,280,358.6,2073.6,54274,1996.8,15872,21504,61696
2026-02-05T07:02:17+00:00,281,358.6,2124.8,54274,1996.8,15872,21504,61696
2026-02-05T07:02:38+00:00,282,358.6,2124.8,54274,2022.4,15872,21504,61952
2026-02-05T07:03:00+00:00,283,358.6,2124.8,54274,2022.4,15872,21504,61952
2026-02-05T07:03:16+00:00,284,358.6,2124.8,54274,2022.4,15872,21504,61952
2026-02-05T07:03:32+00:00,285,358.6,2124.8,54274,2022.4,15872,21504,61952
2026-02-05T07:03:49+00:00,286,358.6,2073.6,54274,1996.8,15872,21504,61696
2026-02-05T07:04:05+00:00,287,358.6,2073.6,54530,2022.4,15872,21504,61952
2026-02-05T07:04:22+00:00,288,358.6,2073.6,54274,2022.4,15872,21504,61952
2026-02-05T07:04:38+00:00,289,358.6,2124.8,54530,2022.4,15872,21504,61952
2026-02-05T07:04:54+00:00,290,358.6,2124.8,54530,2022.4,15872,21504,61952
2026-02-05T07:05:13+00:00,291,358.6,2073.6,54530,2022.4,15872,21504,61952
2026-02-05T07:05:30+00:00,292,358.6,2073.6,54530,1996.8,15872,21504,61696
2026-02-05T07:05:46+00:00,293,358.6,2073.6,54530,1996.8,15872,21504,61696
2026-02-05T07:06:03+00:00,294,358.6,2073.6,54530,1996.8,15872,21504,61696
2026-02-05T07:06:20+00:00,295,358.6,2073.6,54530,1996.8,15872,21504,61696
2026-02-05T07:06:37+00:00,296,358.6,2073.6,54530,2022.4,15872,21504,61952
2026-02-05T07:06:56+00:00,297,358.6,2124.8,54530,1996.8,16128,21504,61696
2026-02-05T07:07:13+00:00,298,358.6,2124.8,54530,2022.4,16128,21504,61952
2026-02-05T07:07:30+00:00,299,358.6,2073.6,54530,1996.8,16128,21504,61696
2026-02-05T07:07:46+00:00,300,358.6,2073.6,54530,1996.8,16128,21504,61696
2026-02-05T07:08:02+00:00,301,358.6,2124.8,54530,2022.4,16128,21504,61952
2026-02-05T07:08:20+00:00,302,358.6,2124.8,54530,1996.8,16128,21504,61696
2026-02-05T07:08:37+00:00,303,358.6,2022.4,54530,1996.8,16128,21504,61696
2026-02-05T07:08:53+00:00,304,358.6,2073.6,54530,1996.8,16128,21504,61696
2026-02-05T07:09:10+00:00,305,358.6,2124.8,54530,1996.8,16128,21504,61696
2026-02-05T07:09:28+00:00,306,358.6,2073.6,54530,1996.8,16128,21504,61696
2026-02-05T07:09:44+00:00,307,358.6,2073.6,54530,1996.8,16128,21504,61696
2026-02-05T07:10:01+00:00,308,358.6,2073.6,54786,1996.8,16128,21504,61696
2026-02-05T07:10:17+00:00,309,358.6,2124.8,54786,1971.2,16128,21504,61696
2026-02-05T07:10:35+00:00,310,358.6,2073.6,54786,1971.2,16128,21504,61696
2026-02-05T07:10:52+00:00,311,358.6,2073.6,54786,1996.8,16128,21504,61696
2026-02-05T07:11:08+00:00,312,358.6,2073.6,54786,1971.2,16128,21504,61696
2026-02-05T07:11:25+00:00,313,358.6,2073.6,54786,1996.8,16128,21504,61696
2026-02-05T07:11:42+00:00,314,358.6,2073.6,54786,2022.4,16128,21504,61952
2026-02-05T07:11:58+00:00,315,358.6,2124.8,54786,1996.8,16128,21504,61696
2026-02-05T07:12:15+00:00,316,358.6,2073.6,54786,1996.8,16128,21504,61696
2026-02-05T07:12:32+00:00,317,358.6,2073.6,54786,2022.4,16128,21504,61952
2026-02-05T07:12:48+00:00,318,358.6,2124.8,54786,2022.4,16384,21504,61952
2026-02-05T07:13:04+00:00,319,358.6,2124.8,54786,1996.8,16384,21504,61696
2026-02-05T07:13:21+00:00,320,358.6,2073.6,54786,2022.4,16384,21504,61952
2026-02-05T07:13:37+00:00,321,358.6,2073.6,54786,2073.6,16384,21760,62208
2026-02-05T07:13:54+00:00,322,358.6,2073.6,54786,2022.4,16384,21504,61952
2026-02-05T07:14:10+00:00,323,358.6,2124.8,54786,2022.4,16384,21504,61952
2026-02-05T07:14:27+00:00,324,358.6,2124.8,54786,2022.4,16384,21504,61952
2026-02-05T07:14:43+00:00,325,358.6,2073.6,54786,2022.4,16384,21504,61952
2026-02-05T07:14:59+00:00,326,358.6,2073.6,54786,2022.4,16384,21504,61952
2026-02-05T07:15:16+00:00,327,358.6,2073.6,55042,2022.4,16384,21504,61952
2026-02-05T07:15:32+00:00,328,358.6,2073.6,55042,2022.4,16384,21504,61952
2026-02-05T07:15:51+00:00,329,358.6,2073.6,55042,2073.6,16384,21760,62208
2026-02-05T07:16:07+00:00,330,358.6,2124.8,55042,2073.6,16384,21760,62208
2026-02-05T07:16:24+00:00,331,358.6,2073.6,55042,2073.6,16384,21760,62208
2026-02-05T07:16:40+00:00,332,358.6,2073.6,55042,2022.4,16384,21504,61952
2026-02-05T07:17:17+00:00,333,358.6,2124.8,55042,2073.6,16384,21760,62208
2026-02-05T07:17:33+00:00,334,358.6,2124.8,55042,2022.4,16640,21504,61952
2026-02-05T07:17:50+00:00,335,358.6,2073.6,55042,2073.6,16640,21760,62208
2026-02-05T07:18:06+00:00,336,358.6,2073.6,55042,2073.6,16640,21760,62208
2026-02-05T07:18:22+00:00,337,358.6,2073.6,55042,2073.6,16640,21760,62208
2026-02-05T07:18:39+00:00,338,358.6,2073.6,55042,2073.6,16640,21760,62208
2026-02-05T07:18:55+00:00,339,358.6,2124.8,55042,2073.6,16640,21760,62208
2026-02-05T07:19:11+00:00,340,358.6,2073.6,55042,2073.6,16640,21760,62208
2026-02-05T07:19:29+00:00,341,358.6,2124.8,55042,2073.6,16640,21760,62208
2026-02-05T07:19:48+00:00,342,358.6,2124.8,55042,2022.4,16640,21504,61952
2026-02-05T07:20:04+00:00,343,358.6,2124.8,55042,2073.6,16640,21760,62208
2026-02-05T07:20:21+00:00,344,358.6,2073.6,55042,2073.6,16640,21760,62208
2026-02-05T07:20:37+00:00,345,358.6,2073.6,55298,2073.6,16640,21760,62208
2026-02-05T07:20:56+00:00,346,358.6,2073.6,55298,2022.4,16640,21504,61952
2026-02-05T07:21:12+00:00,347,358.6,2073.6,55298,2022.4,16640,21504,61952
2026-02-05T07:21:30+00:00,348,358.6,2073.6,55298,2022.4,16640,21504,61952
2026-02-05T07:21:46+00:00,349,358.6,2073.6,55298,2073.6,16640,21760,62208
2026-02-05T07:22:03+00:00,350,358.6,2073.6,55298,2073.6,16640,21760,62208
2026-02-05T07:22:19+00:00,351,358.6,2073.6,55298,2022.4,16640,21504,61952
2026-02-05T07:22:39+00:00,352,358.6,2073.6,55298,2073.6,16640,21760,62208
2026-02-05T07:23:02+00:00,353,358.6,2073.6,55298,2073.6,16896,21760,62208
2026-02-05T07:23:18+00:00,354,358.6,2073.6,55298,2073.6,16896,21760,62208
2026-02-05T07:23:35+00:00,355,358.6,2073.6,55298,2073.6,16896,21760,62208
2026-02-05T07:23:51+00:00,356,358.6,2073.6,55298,2073.6,16896,21760,62208
2026-02-05T07:24:07+00:00,357,358.6,2073.6,55298,2073.6,16896,21760,62208
2026-02-05T07:24:23+00:00,358,358.6,2073.6,55554,2073.6,16896,21760,62208
2026-02-05T07:24:40+00:00,359,358.6,2073.6,55554,2073.6,16896,21760,62208
2026-02-05T07:24:56+00:00,360,358.6,2073.6,55554,2073.6,16896,21760,62208
2026-02-05T07:25:12+00:00,361,358.6,2073.6,55554,2073.6,16896,21760,62208
2026-02-05T07:25:29+00:00,362,358.6,2073.6,55554,2073.6,16896,21760,62208
2026-02-05T07:25:45+00:00,363,358.6,2073.6,55554,2073.6,16896,21760,62208
2026-02-05T07:26:01+00:00,364,358.6,2073.6,55554,2073.6,16896,21760,62208
2026-02-05T07:26:18+00:00,365,358.6,2073.6,55554,2099.2,16896,21760,62208
2026-02-05T07:26:34+00:00,366,358.6,2073.6,55554,2099.2,16896,21760,62208
2026-02-05T07:26:53+00:00,367,358.6,2073.6,55554,2073.6,16896,21760,62208
2026-02-05T07:27:10+00:00,368,358.6,2073.6,55554,2099.2,16896,21760,62208
2026-02-05T07:27:26+00:00,369,358.6,2073.6,55554,2099.2,16896,21760,62208
2026-02-05T07:27:42+00:00,370,358.6,2073.6,55554,2099.2,16896,21760,62208
2026-02-05T07:27:59+00:00,371,358.6,2073.6,55554,2099.2,17152,21760,62208
2026-02-05T07:28:16+00:00,372,358.6,2073.6,55810,2124.8,17152,21760,62464
2026-02-05T07:28:33+00:00,373,358.6,2073.6,55810,2099.2,17152,21760,62208
2026-02-05T07:28:50+00:00,374,358.6,2073.6,55810,2124.8,17152,21760,62464
2026-02-05T07:29:15+00:00,375,358.6,2073.6,55810,2124.8,17152,21760,62464
2026-02-05T07:29:31+00:00,376,358.6,2073.6,55810,2099.2,17152,21760,62208
2026-02-05T07:29:48+00:00,377,358.6,2073.6,55810,2124.8,17152,21760,62464
2026-02-05T07:30:04+00:00,378,358.6,2073.6,55810,2099.2,17152,21760,62208
2026-02-05T07:30:21+00:00,379,358.6,2073.6,55810,2124.8,17152,21760,62464
2026-02-05T07:30:37+00:00,380,358.6,2073.6,55810,2099.2,17152,21760,62208
2026-02-05T07:31:00+00:00,381,358.6,2073.6,55810,2099.2,17152,21760,62208
2026-02-05T07:31:18+00:00,382,358.6,2022.4,55810,2099.2,17152,21760,62208
2026-02-05T07:31:57+00:00,383,358.6,2073.6,55810,2022.4,17152,21504,61952
2026-02-05T07:32:14+00:00,384,358.6,2073.6,55810,2073.6,17152,21760,62208
2026-02-05T07:32:30+00:00,385,358.6,2022.4,56066,2022.4,17152,21504,61952
2026-02-05T07:32:46+00:00,386,358.6,2022.4,56066,2022.4,17152,21504,61952
2026-02-05T07:33:03+00:00,387,358.6,2073.6,56066,2073.6,17152,21760,62208
2026-02-05T07:33:20+00:00,388,358.6,2022.4,56066,2073.6,17152,21760,62208
2026-02-05T07:33:36+00:00,389,358.6,2022.4,56066,2022.4,17152,21504,61952
2026-02-05T07:33:54+00:00,390,358.6,2022.4,56066,2022.4,17152,21504,61952
2026-02-05T07:34:12+00:00,391,358.6,2022.4,56066,1996.8,17152,21504,61696
2026-02-05T07:34:28+00:00,392,358.6,2022.4,56066,2022.4,17152,21504,61952
2026-02-05T07:34:46+00:00,393,358.6,2022.4,56066,2022.4,17152,21504,61952
2026-02-05T07:35:03+00:00,394,358.6,2022.4,56066,2022.4,17152,21504,61952
2026-02-05T07:35:20+00:00,395,358.6,1971.2,56066,1996.8,17152,21504,61696
2026-02-05T07:35:36+00:00,396,358.6,2022.4,56066,1996.8,17152,21504,61696
2026-02-05T07:35:57+00:00,397,358.6,1971.2,56066,1996.8,17152,21504,61696
2026-02-05T07:36:15+00:00,398,358.6,1971.2,56066,1996.8,17152,21504,61696
2026-02-05T07:36:33+00:00,399,358.6,2022.4,56066,1996.8,17408,21504,61696
2026-02-05T07:36:50+00:00,400,358.6,1971.2,56066,1996.8,17408,21504,61696
2026-02-05T07:37:06+00:00,401,358.6,1971.2,56066,2022.4,17408,21504,61952
2026-02-05T07:37:24+00:00,402,358.6,1971.2,56066,2022.4,17408,21504,61952
2026-02-05T07:37:40+00:00,403,358.6,1971.2,56066,1996.8,17408,21504,61696
2026-02-05T07:37:56+00:00,404,358.6,1971.2,56066,1996.8,17408,21504,61696
2026-02-05T07:38:13+00:00,405,358.6,1971.2,56322,1996.8,17408,21504,61696
2026-02-05T07:38:52+00:00,406,358.6,1971.2,56322,2022.4,17408,21504,61952
2026-02-05T07:39:10+00:00,407,358.6,1971.2,56322,2073.6,17408,21760,62208
2026-02-05T07:39:48+00:00,408,358.6,1971.2,56322,2073.6,17408,21760,62208
2026-02-05T07:40:07+00:00,409,358.6,2022.4,56322,2022.4,17408,21504,61952
2026-02-05T07:40:24+00:00,410,358.6,1971.2,56322,2022.4,17408,21504,61952
2026-02-05T07:40:41+00:00,411,358.6,1971.2,56578,1996.8,17408,21504,61696
2026-02-05T07:40:59+00:00,412,358.6,1971.2,56578,1996.8,17408,21504,61696
2026-02-05T07:41:15+00:00,413,358.6,1971.2,56578,1996.8,17408,21504,61696
2026-02-05T07:41:32+00:00,414,358.6,1971.2,56578,1996.8,17408,21504,61696
2026-02-05T07:41:48+00:00,415,358.6,1920,56578,1996.8,17408,21504,61696
2026-02-05T07:42:06+00:00,416,358.6,1920,56578,1971.2,17408,21504,61696
2026-02-05T07:42:23+00:00,417,358.6,1920,56578,1996.8,17408,21504,61696
2026-02-05T07:42:39+00:00,418,358.6,1920,56578,1971.2,17408,21504,61696
2026-02-05T07:42:56+00:00,419,358.6,1920,56578,1971.2,17408,21504,61696
2026-02-05T07:43:12+00:00,420,358.6,1920,56578,1920,17408,21504,61440
2026-02-05T07:43:29+00:00,421,358.6,1920,56578,1920,17408,21504,61440
2026-02-05T07:43:50+00:00,422,358.6,1920,56578,1971.2,17408,21504,61696
2026-02-05T07:44:07+00:00,423,358.6,1920,56578,1920,17408,21504,61440
2026-02-05T07:44:23+00:00,424,358.6,1920,56578,1920,17408,21504,61440
2026-02-05T07:44:40+00:00,425,358.6,1920,56578,1971.2,17408,21504,61696
2026-02-05T07:44:56+00:00,426,358.6,1920,56578,1971.2,17664,21504,61696
2026-02-05T07:45:13+00:00,427,358.6,1920,56578,1971.2,17664,21504,61696
2026-02-05T07:45:29+00:00,428,358.6,1920,56578,1971.2,17664,21504,61696
2026-02-05T07:45:46+00:00,429,358.6,1920,56578,1971.2,17664,21504,61696
2026-02-05T07:46:02+00:00,430,358.6,1920,56578,1971.2,17664,21504,61696
2026-02-05T07:46:20+00:00,431,358.6,1920,56578,1971.2,17664,21504,61696
2026-02-05T07:46:36+00:00,432,358.6,1920,56834,1996.8,17664,21504,61696
2026-02-05T07:46:53+00:00,433,358.6,1920,56834,1996.8,17664,21504,61696
2026-02-05T07:47:10+00:00,434,358.6,1920,56834,1971.2,17664,21504,61696
2026-02-05T07:47:26+00:00,435,358.6,1920,56834,1920,17664,21504,61440
2026-02-05T07:47:43+00:00,436,358.6,1920,56834,1920,17664,21504,61440
2026-02-05T07:48:00+00:00,437,358.6,1920,56834,1920,17664,21504,61440
2026-02-05T07:48:16+00:00,438,358.6,1920,56834,1971.2,17664,21504,61696
2026-02-05T07:48:34+00:00,439,358.6,1920,56834,1971.2,17664,21504,61696
2026-02-05T07:48:53+00:00,440,358.6,1868.8,56834,1971.2,17664,21504,61696
2026-02-05T07:49:10+00:00,441,358.6,1920,56834,1971.2,17664,21504,61696
2026-02-05T07:49:27+00:00,442,358.6,1920,56834,1971.2,17664,21504,61696
2026-02-05T07:49:43+00:00,443,358.6,1920,56834,1971.2,17664,21504,61696
2026-02-05T07:50:00+00:00,444,358.6,1868.8,56834,1971.2,17664,21504,61696
2026-02-05T07:50:16+00:00,445,358.6,1868.8,56834,1971.2,17664,21504,61696
2026-02-05T07:50:33+00:00,446,358.6,1868.8,56834,1971.2,17664,21504,61696
2026-02-05T07:50:49+00:00,447,358.6,1868.8,56834,1971.2,17664,21504,61696
2026-02-05T07:51:05+00:00,448,358.6,1868.8,56834,1971.2,17664,21504,61696
2026-02-05T07:51:22+00:00,449,358.6,1868.8,56834,1971.2,17664,21504,61696
2026-02-05T07:51:38+00:00,450,358.6,1868.8,56834,1971.2,17664,21504,61696
2026-02-05T07:51:57+00:00,451,358.6,1868.8,56834,1971.2,17664,21504,61696
2026-02-05T07:52:14+00:00,452,358.6,1868.8,56834,1996.8,17664,21504,61696
2026-02-05T07:52:30+00:00,453,358.6,1868.8,56834,1996.8,17920,21504,61696
2026-02-05T07:52:51+00:00,454,358.6,1868.8,56834,1971.2,17920,21504,61696
2026-02-05T07:53:08+00:00,455,358.6,1868.8,56834,1996.8,17920,21504,61696
2026-02-05T07:53:24+00:00,456,358.6,1817.6,57090,1920,17920,21504,61440
2026-02-05T07:53:41+00:00,457,358.6,1868.8,57090,1971.2,17920,21504,61696
2026-02-05T07:53:58+00:00,458,358.6,1868.8,57090,1971.2,17920,21504,61696
2026-02-05T07:54:23+00:00,459,358.6,1868.8,57090,1971.2,17920,21504,61696
2026-02-05T07:54:39+00:00,460,358.6,1868.8,57090,1971.2,17920,21504,61696
2026-02-05T07:54:56+00:00,461,358.6,1817.6,57090,1971.2,17920,21504,61696
2026-02-05T07:55:12+00:00,462,358.6,1868.8,57090,1971.2,17920,21504,61696
2026-02-05T07:55:28+00:00,463,358.6,1868.8,57090,1920,17920,21504,61440
2026-02-05T07:55:45+00:00,464,358.6,1868.8,57090,1920,17920,21504,61440
2026-02-05T07:56:02+00:00,465,358.6,1868.8,57346,1920,17920,21504,61440
2026-02-05T07:56:19+00:00,466,358.6,1817.6,57090,1920,17920,21504,61440
2026-02-05T07:56:36+00:00,467,358.6,1817.6,57090,1920,17920,21504,61440
2026-02-05T07:56:53+00:00,468,358.6,1817.6,57090,1920,17920,21504,61440
2026-02-05T07:57:09+00:00,469,358.6,1868.8,57346,1920,17920,21504,61440
2026-02-05T07:57:26+00:00,470,358.6,1817.6,57346,1894.4,17920,21248,61184
2026-02-05T07:57:46+00:00,471,358.6,1817.6,57346,1920,17920,21504,61440
2026-02-05T07:58:04+00:00,472,358.6,1817.6,57346,1894.4,17920,21248,61184
2026-02-05T07:58:26+00:00,473,358.6,1817.6,57346,1894.4,17920,21248,61184
2026-02-05T07:58:42+00:00,474,358.6,1817.6,57346,1894.4,17920,21248,61184
2026-02-05T07:58:59+00:00,475,358.6,1792,57346,1894.4,17920,21248,61184
2026-02-05T07:59:17+00:00,476,358.6,1817.6,57346,1894.4,17920,21248,61184
2026-02-05T07:59:35+00:00,477,358.6,1817.6,57346,1920,17920,21504,61440
2026-02-05T07:59:51+00:00,478,358.6,1792,57346,1920,17920,21504,61440
2026-02-05T08:00:10+00:00,479,358.6,1817.6,57346,1894.4,17920,21248,61184
2026-02-05T08:00:26+00:00,480,358.6,1817.6,57346,1920,17920,21504,61440
2026-02-05T08:00:45+00:00,481,358.6,1817.6,57346,1894.4,17920,21248,61184
2026-02-05T08:01:01+00:00,482,358.6,1792,57346,1920,18176,21504,61440
2026-02-05T08:01:18+00:00,483,358.6,1817.6,57346,1920,18176,21504,61440
2026-02-05T08:01:34+00:00,484,358.6,1817.6,57346,1920,18176,21504,61440
2026-02-05T08:01:51+00:00,485,358.6,1792,57346,1920,18176,21504,61440
2026-02-05T08:02:08+00:00,486,358.6,1817.6,57346,1920,18176,21504,61440
2026-02-05T08:02:24+00:00,487,358.6,1792,57346,1920,18176,21504,61440
2026-02-05T08:02:43+00:00,488,358.6,1792,57346,1920,18176,21504,61440
2026-02-05T08:03:10+00:00,489,358.6,1817.6,57346,1920,18176,21504,61440
2026-02-05T08:03:31+00:00,490,358.6,1792,57346,1971.2,18176,21504,61696
2026-02-05T08:03:48+00:00,491,358.6,1792,57602,1971.2,18176,21504,61696
2026-02-05T08:05:09+00:00,492,358.6,1792,57602,1971.2,18176,21504,61696
2026-02-05T08:10:12+00:00,493,358.6,1740.8,57858,1894.4,18432,21248,61184
2026-02-05T08:10:30+00:00,494,358.6,1740.8,57858,1920,18432,21504,61440
2026-02-05T08:10:47+00:00,495,358.6,1740.8,57858,1920,18432,21504,61440
2026-02-05T08:11:10+00:00,496,358.6,1740.8,57858,1920,18432,21504,61440
2026-02-05T08:13:13+00:00,497,358.6,1740.8,57858,1920,18432,21504,61440
2026-02-05T08:13:30+00:00,498,358.6,1740.8,58114,1920,18432,21504,61440
2026-02-05T08:13:47+00:00,499,358.6,1740.8,58114,1920,18432,21504,61440
2026-02-05T08:14:26+00:00,500,358.6,1740.8,58114,1920,18432,21504,61440
2026-02-05T08:15:06+00:00,501,358.6,1740.8,58114,1920,18432,21504,61440
2026-02-05T08:15:23+00:00,502,358.6,1740.8,58114,1920,18432,21504,61440
2026-02-05T08:15:40+00:00,503,358.6,1740.8,58114,1920,18432,21504,61440
2026-02-05T08:15:58+00:00,504,358.6,1740.8,58114,1971.2,18432,21504,61696
2026-02-05T08:16:14+00:00,505,358.6,1740.8,58114,1971.2,18688,21504,61696
2026-02-05T08:17:00+00:00,506,358.6,1740.8,58370,1971.2,18688,21504,61696
2026-02-05T08:17:17+00:00,507,358.6,1740.8,58370,1920,18688,21504,61440
2026-02-05T08:18:16+00:00,508,358.6,1740.8,58370,1920,18688,21504,61440
2026-02-05T08:18:38+00:00,509,358.6,1740.8,58370,1920,18688,21504,61440
2026-02-05T08:20:23+00:00,510,358.6,1689.6,58370,1920,18688,21504,61440
2026-02-05T08:22:03+00:00,511,358.6,1689.6,58370,1894.4,18688,21248,61184
2026-02-05T08:22:43+00:00,512,358.6,1689.6,58370,1920,18688,21504,61440
2026-02-05T08:23:48+00:00,513,358.6,1689.6,58626,1894.4,18688,21248,61184
2026-02-05T08:29:06+00:00,514,358.6,1638.4,58626,1868.8,18944,21248,61184
2026-02-05T08:30:05+00:00,515,358.6,1638.4,58882,1868.8,18944,21248,61184
2026-02-05T08:30:23+00:00,516,358.6,1638.4,58882,1868.8,18944,21248,61184
2026-02-05T08:31:05+00:00,517,358.6,1638.4,58882,1843.2,18944,21248,60928
2026-02-05T08:32:04+00:00,518,358.6,1638.4,58882,1894.4,18944,21248,61184
2026-02-05T08:32:25+00:00,519,358.6,1638.4,58882,1868.8,18944,21248,61184
2026-02-05T08:32:42+00:00,520,358.6,1587.2,58882,1868.8,18944,21248,61184
2026-02-05T08:33:00+00:00,521,358.6,1587.2,58882,1868.8,18944,21248,61184
2026-02-05T08:33:20+00:00,522,358.6,1638.4,58882,1868.8,18944,21248,61184
2026-02-05T08:34:05+00:00,523,358.6,1587.2,58882,1843.2,18944,21248,60928
2026-02-05T08:34:28+00:00,524,358.6,1587.2,58882,1843.2,18944,21248,60928
2026-02-05T08:34:45+00:00,525,358.6,1587.2,58882,1843.2,18944,21248,60928
2026-02-05T08:35:02+00:00,526,358.6,1638.4,58882,1868.8,18944,21248,61184
2026-02-05T08:35:19+00:00,527,358.6,1587.2,58882,1843.2,18944,21248,60928
2026-02-05T08:35:38+00:00,528,358.6,1587.2,59138,1843.2,18944,21248,60928
2026-02-05T08:35:58+00:00,529,358.6,1587.2,59138,1843.2,18944,21248,60928
2026-02-05T08:36:15+00:00,530,358.6,1587.2,59138,1868.8,18944,21248,61184
2026-02-05T08:36:32+00:00,531,358.6,1587.2,59138,1843.2,18944,21248,60928
2026-02-05T08:36:51+00:00,532,358.6,1587.2,59138,1868.8,18944,21248,61184
2026-02-05T08:37:29+00:00,533,358.6,1587.2,59138,1843.2,19200,21248,60928
2026-02-05T08:37:46+00:00,534,358.6,1536,59138,1792,19200,21248,60672
2026-02-05T08:38:24+00:00,535,358.6,1587.2,59138,1792,19200,21248,60672
2026-02-05T08:38:41+00:00,536,358.6,1587.2,59138,1792,19200,21248,60672
2026-02-05T08:38:57+00:00,537,358.6,1587.2,59138,1843.2,19200,21248,60928
2026-02-05T08:39:20+00:00,538,358.6,1536,59138,1792,19200,21248,60672
2026-02-05T08:40:21+00:00,539,358.6,1536,59138,1792,19200,21248,60672
2026-02-05T08:41:01+00:00,540,358.6,1536,59138,1766.4,19200,20992,60672
2026-02-05T08:41:40+00:00,541,358.6,1536,59138,1740.8,19200,20992,60416
2026-02-05T08:42:01+00:00,542,358.6,1536,59138,1740.8,19200,20992,60416
2026-02-05T08:42:40+00:00,543,358.6,1536,59138,1740.8,19200,20992,60416
2026-02-05T08:43:00+00:00,544,358.6,1536,59138,1740.8,19200,20992,60416
2026-02-05T08:43:37+00:00,545,358.6,1536,59138,1689.6,19200,20992,60416
2026-02-05T08:43:56+00:00,546,358.6,1536,59138,1740.8,19200,20992,60416
2026-02-05T08:44:55+00:00,547,358.6,1536,59138,1689.6,19200,20992,60416
2026-02-05T08:46:36+00:00,548,358.6,1536,59138,1740.8,19200,20992,60416
2026-02-05T08:48:16+00:00,549,358.6,1484.8,59138,1664,19200,20736,60160
2026-02-05T08:48:36+00:00,550,358.6,1536,59138,1638.4,19200,20736,60160
2026-02-05T08:48:53+00:00,551,358.6,1484.8,59138,1638.4,19200,20736,60160
2026-02-05T08:49:11+00:00,552,358.6,1484.8,59138,1664,19200,20736,60160
2026-02-05T08:49:31+00:00,553,358.6,1484.8,59138,1664,19200,20736,60160
2026-02-05T08:50:14+00:00,554,358.6,1484.8,59138,1689.6,19200,20992,60416
2026-02-05T08:50:33+00:00,555,358.6,1484.8,59138,1664,19200,20736,60160
2026-02-05T08:52:14+00:00,556,358.6,1484.8,59394,1689.6,19456,20992,60416
2026-02-05T08:53:16+00:00,557,358.6,1484.8,59394,1689.6,19456,20992,60416
2026-02-05T08:53:34+00:00,558,358.6,1484.8,59394,1689.6,19456,20992,60416
2026-02-05T08:53:54+00:00,559,358.6,1484.8,59394,1689.6,19456,20992,60416
2026-02-05T08:54:38+00:00,560,358.6,1484.8,59394,1689.6,19456,20992,60416
2026-02-05T08:54:56+00:00,561,358.6,1484.8,59394,1664,19456,20736,60160
2026-02-05T08:55:40+00:00,562,358.6,1459.2,59394,1638.4,19456,20736,60160
2026-02-05T08:56:24+00:00,563,358.6,1459.2,59394,1561.6,19456,20736,59648
2026-02-05T08:56:43+00:00,564,358.6,1459.2,59394,1561.6,19200,20736,59648
2026-02-05T08:57:43+00:00,565,358.6,1459.2,59394,1561.6,19200,20736,59648
2026-02-05T08:58:04+00:00,566,358.6,1459.2,59394,1536,19200,20480,59648
2026-02-05T08:58:22+00:00,567,358.6,1408,59394,1536,19456,20480,59648
2026-02-05T08:58:40+00:00,568,358.6,1459.2,59394,1536,19456,20480,59648
2026-02-05T08:58:59+00:00,569,358.6,1408,59394,1510.4,19456,20480,59392
2026-02-05T08:59:16+00:00,570,358.6,1408,59394,1536,19456,20480,59648
2026-02-05T08:59:35+00:00,571,358.6,1459.2,59394,1536,19456,20480,59648
2026-02-05T09:00:18+00:00,572,358.6,1408,59394,1510.4,19456,20480,59392
2026-02-05T09:01:16+00:00,573,358.6,1408,59394,1459.2,19456,20480,59136
2026-02-05T09:02:15+00:00,574,358.6,1408,59394,1433.6,19456,20480,59136
2026-02-05T09:02:55+00:00,575,358.6,1408,59394,1459.2,19456,20480,59136
2026-02-05T09:03:56+00:00,576,358.6,1356.8,59394,1408,19456,20224,58880
2026-02-05T09:04:58+00:00,577,358.6,1356.8,59394,1408,19456,20224,58880
2026-02-05T09:05:17+00:00,578,358.6,1356.8,59394,1408,19456,20224,58880
2026-02-05T09:05:35+00:00,579,358.6,1356.8,59138,1408,19456,20224,58880
2026-02-05T09:05:51+00:00,580,358.6,1356.8,59394,1382.4,19456,20224,58880
2026-02-05T09:06:09+00:00,581,358.6,1356.8,59394,1382.4,19456,20224,58880
2026-02-05T09:06:31+00:00,582,358.6,1356.8,59394,1382.4,19456,20224,58880
2026-02-05T09:06:47+00:00,583,358.6,1356.8,59394,1382.4,19456,20224,58880
2026-02-05T09:07:04+00:00,584,358.6,1356.8,59394,1408,19456,20224,58880
2026-02-05T09:07:20+00:00,585,358.6,1356.8,59394,1382.4,19456,20224,58880
2026-02-05T09:07:40+00:00,586,358.6,1356.8,59394,1408,19456,20224,58880
2026-02-05T09:07:56+00:00,587,358.6,1356.8,59138,1408,19456,20224,58880
2026-02-05T09:21:33+00:00,588,358.6,1305.6,59394,1305.6,19712,20224,58368
2026-02-05T09:27:46+00:00,589,358.6,1254.4,59394,1203.2,19712,19968,57856
2026-02-05T09:28:03+00:00,590,358.6,1254.4,59394,1177.6,19712,19968,57856
2026-02-05T09:28:19+00:00,591,358.6,1203.2,59394,1152,19712,19712,57600
2026-02-05T09:28:39+00:00,592,358.6,1203.2,59394,1177.6,19712,19968,57856
2026-02-05T09:28:55+00:00,593,358.6,1254.4,59394,1152,19712,19712,57600
2026-02-05T09:29:11+00:00,594,358.6,1203.2,59394,1152,19712,19712,57600
2026-02-05T09:29:28+00:00,595,358.6,1254.4,59394,1152,19712,19712,57600
2026-02-05T09:29:44+00:00,596,358.6,1203.2,59394,1177.6,19712,19968,57856
2026-02-05T09:30:03+00:00,597,358.6,1203.2,59394,1177.6,19712,19968,57856
2026-02-05T09:30:19+00:00,598,358.6,1203.2,59394,1152,19712,19712,57600
2026-02-05T09:30:37+00:00,599,358.6,1254.4,59394,1152,19712,19712,57600
2026-02-05T09:30:54+00:00,600,358.6,1152,59394,1152,19712,19712,57600
2026-02-05T09:31:10+00:00,601,358.6,1203.2,59394,1100.8,19712,19712,57344
2026-02-05T09:31:27+00:00,602,358.6,1152,59394,1152,19712,19712,57600
2026-02-05T09:31:43+00:00,603,358.6,1203.2,59138,1152,19712,19712,57600
2026-02-05T09:31:59+00:00,604,358.6,1203.2,59394,1152,19712,19712,57600
2026-02-05T09:32:16+00:00,605,358.6,1203.2,59394,1177.6,19712,19968,57856
2026-02-05T09:32:33+00:00,606,358.6,1203.2,59394,1152,19712,19712,57600
2026-02-05T09:32:49+00:00,607,358.6,1152,59394,1177.6,19712,19968,57856
2026-02-05T09:33:05+00:00,608,358.6,1203.2,59394,1177.6,19712,19968,57856
2026-02-05T09:33:22+00:00,609,358.6,1203.2,59138,1152,19712,19712,57600
2026-02-05T09:33:39+00:00,610,358.6,1203.2,59394,1152,19712,19712,57600
2026-02-05T09:33:56+00:00,611,358.6,1203.2,59394,1152,19712,19712,57600
2026-02-05T09:34:12+00:00,612,358.6,1203.2,59394,1100.8,19712,19712,57344
2026-02-05T09:34:29+00:00,613,358.6,1152,59394,1100.8,19712,19712,57344
2026-02-05T09:34:46+00:00,614,358.6,1203.2,59394,1100.8,19712,19712,57344
2026-02-05T09:35:03+00:00,615,358.6,1152,59394,1075.2,19968,19712,57344
2026-02-05T09:35:20+00:00,616,358.6,1152,59138,1100.8,19968,19712,57344
2026-02-05T09:35:37+00:00,617,358.6,1152,59394,1024,19968,19456,57088
2026-02-05T09:35:53+00:00,618,358.6,1152,59138,1049.6,19712,19456,57088
2026-02-05T09:36:10+00:00,619,358.6,1152,59394,1075.2,19968,19712,57344
2026-02-05T09:36:26+00:00,620,358.6,1152,59138,1024,19968,19456,57088
2026-02-05T09:36:43+00:00,621,358.6,1126.4,59138,947.2,19712,19456,56832
2026-02-05T09:37:00+00:00,622,358.6,1126.4,59138,947.2,19968,19456,56832
2026-02-05T09:37:16+00:00,623,358.6,1126.4,59138,921.6,19968,19200,56576
2026-02-05T09:37:34+00:00,624,358.6,1126.4,59138,870.4,19968,19200,56320
2026-02-05T09:37:51+00:00,625,358.6,1126.4,59138,870.4,19968,19200,56320
2026-02-05T09:38:08+00:00,626,358.6,1126.4,59138,870.4,19968,19200,56320
2026-02-05T09:38:25+00:00,627,358.6,1126.4,59138,844.8,19968,19200,56320
2026-02-05T09:38:41+00:00,628,358.6,1126.4,59138,819.2,19968,19200,56064
2026-02-05T09:38:57+00:00,629,358.6,1126.4,59138,819.2,19968,19200,56064
2026-02-05T09:39:14+00:00,630,358.6,1126.4,59138,819.2,19968,19200,56064
2026-02-05T09:39:30+00:00,631,358.6,1126.4,59138,793.6,19968,18944,56064
2026-02-05T09:39:47+00:00,632,358.6,1126.4,59138,793.6,19968,18944,56064
2026-02-05T09:40:03+00:00,633,358.6,1126.4,59138,793.6,19968,18944,56064
2026-02-05T09:40:21+00:00,634,358.6,1126.4,58882,742.4,19968,18944,55808
2026-02-05T09:40:40+00:00,635,358.6,1126.4,58882,716.8,19968,18944,55552
2026-02-05T09:40:56+00:00,636,358.6,1075.2,58882,716.8,19968,18944,55552
2026-02-05T09:41:13+00:00,637,358.6,1126.4,58882,640,19712,18688,55296
2026-02-05T09:41:29+00:00,638,358.6,1075.2,58882,640,19712,18688,55296
2026-02-05T09:41:47+00:00,639,358.6,1075.2,58882,640,19712,18688,55296
2026-02-05T09:42:06+00:00,640,358.6,1075.2,58882,614.4,19712,18688,55040
2026-02-05T09:42:23+00:00,641,358.6,1024,58882,588.8,19712,18688,55040
2026-02-05T09:42:39+00:00,642,358.6,1075.2,58626,588.8,19712,18688,55040
2026-02-05T09:42:56+00:00,643,358.6,1024,58626,563.2,19712,18688,54784
2026-02-05T09:43:15+00:00,644,358.6,1024,58626,512,19712,18432,54528
2026-02-05T09:43:35+00:00,645,358.6,1024,58626,486.4,19712,18432,54528
2026-02-05T09:43:52+00:00,646,358.6,1024,58626,486.4,19712,18432,54528
2026-02-05T09:44:09+00:00,647,358.6,1024,58626,460.8,19712,18432,54272
2026-02-05T09:44:26+00:00,648,358.6,1024,58626,435.2,19712,18176,54272
2026-02-05T09:44:43+00:00,649,358.6,1024,58626,384,19712,18176,54016
2026-02-05T09:44:59+00:00,650,358.6,972.8,58626,384,19712,18176,54016
2026-02-05T09:45:17+00:00,651,358.6,972.8,58370,384,19712,18176,54016
2026-02-05T09:45:35+00:00,652,358.6,972.8,58370,358.4,19712,18176,53760
2026-02-05T09:45:51+00:00,653,358.6,972.8,58370,332.8,19712,18176,53760
2026-02-05T09:46:08+00:00,654,358.6,972.8,58370,332.8,19712,18176,53760
2026-02-05T09:46:25+00:00,655,358.6,972.8,58370,281.6,19712,17920,53504
2026-02-05T09:46:41+00:00,656,358.6,947.2,58370,256,19712,17920,53248
2026-02-05T09:46:57+00:00,657,358.6,972.8,58114,230.4,19712,17920,53248
2026-02-05T09:47:15+00:00,658,358.6,972.8,58114,204.8,19712,17920,53248
2026-02-05T09:47:38+00:00,659,358.6,947.2,58114,230.4,19712,17920,53248
2026-02-05T09:47:55+00:00,660,358.6,947.2,58114,153.6,19712,17664,52992
2026-02-05T09:48:12+00:00,661,358.6,947.2,58114,153.6,19712,17664,52992
2026-02-05T09:48:28+00:00,662,358.6,947.2,57858,128,19712,17664,52736
2026-02-05T09:48:45+00:00,663,358.6,947.2,57858,102.4,19712,17664,52736
2026-02-05T09:49:01+00:00,664,358.6,947.2,57858,102.4,19712,17664,52736
2026-02-05T09:49:23+00:00,665,358.6,947.2,57858,51.2,19712,17408,52480
2026-02-05T09:49:39+00:00,666,358.6,947.2,57858,51.2,19712,17408,52480
2026-02-05T09:49:56+00:00,667,358.6,947.2,57858,25.6,19712,17408,52224
2026-02-05T09:50:13+00:00,668,358.6,947.2,57602,25.6,19712,17408,52224
2026-02-05T09:50:29+00:00,669,358.6,947.2,57602,25.6,19712,17408,52224
2026-02-05T09:50:45+00:00,670,358.6,947.2,57602,0,19712,17408,52224
2026-02-05T09:51:06+00:00,671,358.6,947.2,57602,0,19712,17408,52224
2026-02-05T09:51:23+00:00,672,358.6,947.2,57601,6528,19712,17408,51968
2026-02-05T09:51:40+00:00,673,358.6,947.2,57601,6476.8,19712,17152,51712
2026-02-05T09:51:56+00:00,674,358.6,896,57345,6451.2,19712,17152,51712
2026-02-05T09:52:15+00:00,675,358.6,896,57345,6451.2,19712,17152,51712
2026-02-05T09:52:31+00:00,676,358.6,896,57345,6425.6,19712,17152,51456
2026-02-05T09:52:48+00:00,677,358.6,896,57345,6348.8,19456,16896,51200
2026-02-05T09:53:04+00:00,678,358.6,896,57345,6348.8,19456,16896,51200
2026-02-05T09:53:20+00:00,679,358.6,896,57345,6400,19456,17152,51456
2026-02-05T09:53:37+00:00,680,358.6,896,57089,6323.2,19456,16896,50944
2026-02-05T09:53:55+00:00,681,358.6,896,57089,6323.2,19456,16896,50944
2026-02-05T09:54:14+00:00,682,358.6,896,57089,6297.6,19456,16896,50944
2026-02-05T09:54:31+00:00,683,358.6,896,57089,6246.4,19456,16640,50688
2026-02-05T09:54:47+00:00,684,358.6,844.8,56833,6297.6,19456,16896,50944
2026-02-05T09:55:03+00:00,685,358.6,896,56833,6246.4,19456,16640,50688
2026-02-05T09:55:20+00:00,686,358.6,896,56833,6220.8,19456,16640,50432
2026-02-05T09:55:40+00:00,687,358.6,844.8,56833,6220.8,19456,16640,50432
2026-02-05T09:55:56+00:00,688,358.6,896,56833,6220.8,19456,16640,50432
2026-02-05T09:56:13+00:00,689,358.6,896,56833,6195.2,19456,16640,50432
2026-02-05T09:56:29+00:00,690,358.6,844.8,56833,6195.2,19200,16640,50432
2026-02-05T09:56:46+00:00,691,358.6,844.8,56577,6169.6,19200,16640,50176
2026-02-05T09:57:02+00:00,692,358.6,844.8,56577,6169.6,19200,16640,50176
2026-02-05T09:57:18+00:00,693,358.6,844.8,56577,6144,19200,16640,50176
2026-02-05T09:57:35+00:00,694,358.6,844.8,56577,6144,19200,16640,50176
2026-02-05T09:57:54+00:00,695,358.6,844.8,56577,6144,19200,16640,50176
2026-02-05T09:58:10+00:00,696,358.6,844.8,56321,6144,19200,16640,50176
2026-02-05T09:58:30+00:00,697,358.6,844.8,56321,6144,19200,16640,50176
2026-02-05T09:58:48+00:00,698,358.6,844.8,56065,6118.4,19200,16384,49920
2026-02-05T09:59:06+00:00,699,358.6,793.6,56065,6118.4,19456,16384,49920
2026-02-05T09:59:24+00:00,700,358.6,793.6,56065,6118.4,19200,16384,49920
2026-02-05T09:59:40+00:00,701,358.6,844.8,56065,6118.4,19200,16384,49920
2026-02-05T09:59:58+00:00,702,358.6,793.6,56065,6092.8,19200,16384,49920
2026-02-05T10:00:16+00:00,703,358.6,793.6,55809,6092.8,19200,16384,49920
2026-02-05T10:00:34+00:00,704,358.6,793.6,55809,6092.8,19200,16384,49920
2026-02-05T10:00:51+00:00,705,358.6,793.6,55809,6067.2,19200,16384,49920
2026-02-05T10:01:07+00:00,706,358.6,793.6,55809,6067.2,19200,16384,49920
2026-02-05T10:01:24+00:00,707,358.6,793.6,55809,6067.2,19200,16384,49920
2026-02-05T10:01:40+00:00,708,358.6,793.6,55809,6067.2,19200,16384,49920
2026-02-05T10:01:57+00:00,709,358.6,768,55553,6067.2,19200,16384,49920
2026-02-05T10:02:13+00:00,710,358.6,793.6,55553,6041.6,19200,16384,49664
2026-02-05T10:02:30+00:00,711,358.6,793.6,55553,6041.6,19200,16384,49664
2026-02-05T10:02:47+00:00,712,358.6,793.6,55553,6041.6,19200,16384,49664
2026-02-05T10:03:03+00:00,713,358.6,793.6,55553,6041.6,19200,16384,49664
2026-02-05T10:03:19+00:00,714,358.6,793.6,55297,6041.6,19200,16384,49664
2026-02-05T10:03:39+00:00,715,358.6,793.6,55297,6041.6,19200,16384,49664
2026-02-05T10:03:55+00:00,716,358.6,793.6,55297,6041.6,19200,16384,49664
2026-02-05T10:04:11+00:00,717,358.6,768,55297,6016,19200,16384,49664
2026-02-05T10:04:28+00:00,718,358.6,768,55297,6016,19200,16384,49664
2026-02-05T10:04:44+00:00,719,358.6,768,55297,6016,19200,16384,49664
2026-02-05T10:05:00+00:00,720,358.6,768,55041,6016,19200,16384,49664
2026-02-05T10:05:16+00:00,721,358.6,768,55041,5990.4,19200,16128,49408
2026-02-05T10:05:33+00:00,722,358.6,768,55041,5990.4,19200,16128,49408
2026-02-05T10:05:49+00:00,723,358.6,665.6,55041,5990.4,19200,16128,49408
2026-02-05T10:06:06+00:00,724,358.6,768,55041,5990.4,19200,16128,49408
2026-02-05T10:06:22+00:00,725,358.6,768,55041,5964.8,19200,16128,49408
2026-02-05T10:06:39+00:00,726,358.6,768,55041,5964.8,19200,16128,49408
2026-02-05T10:06:56+00:00,727,358.6,665.6,55041,5964.8,19200,16128,49408
2026-02-05T10:07:12+00:00,728,358.6,768,54785,5964.8,19200,16128,49408
2026-02-05T10:07:29+00:00,729,358.6,665.6,54785,5964.8,19200,16128,49408
2026-02-05T10:07:45+00:00,730,358.6,716.8,54785,5939.2,19200,16128,49152
2026-02-05T10:08:02+00:00,731,358.6,665.6,54785,5939.2,19200,16128,49152
2026-02-05T10:08:18+00:00,732,358.6,665.6,54529,5939.2,19200,16128,49152
2026-02-05T10:08:34+00:00,733,358.6,665.6,54529,5939.2,19200,16128,49152
2026-02-05T10:08:51+00:00,734,358.6,716.8,54529,5913.6,19200,16128,49152
2026-02-05T10:09:07+00:00,735,358.6,665.6,54529,5913.6,19200,16128,49152
2026-02-05T10:09:23+00:00,736,358.6,614.4,54529,5913.6,19200,16128,49152
2026-02-05T10:09:40+00:00,737,358.6,614.4,54529,5888,19200,15872,48896
2026-02-05T10:09:56+00:00,738,358.6,665.6,54273,5913.6,19200,16128,49152
2026-02-05T10:10:12+00:00,739,358.6,665.6,54273,5888,19200,15872,48896
2026-02-05T10:10:29+00:00,740,358.6,614.4,54273,5913.6,19200,16128,49152
2026-02-05T10:10:45+00:00,741,358.6,614.4,54273,5888,19200,15872,48896
2026-02-05T10:11:02+00:00,742,358.6,665.6,54273,5888,19200,15872,48896
2026-02-05T10:11:19+00:00,743,358.6,614.4,54273,5888,19200,15872,48896
2026-02-05T10:11:57+00:00,744,358.6,614.4,54017,5888,19200,15872,48896
2026-02-05T10:12:13+00:00,745,358.6,614.4,54017,5862.4,19200,15872,48896
2026-02-05T10:12:30+00:00,746,358.6,614.4,54017,5862.4,19200,15872,48896
2026-02-05T10:12:48+00:00,747,358.6,614.4,54017,5862.4,19200,15872,48896
2026-02-05T10:13:04+00:00,748,358.6,614.4,54017,5862.4,19200,15872,48896
2026-02-05T10:13:22+00:00,749,358.6,614.4,54017,5836.8,19200,15872,48640
2026-02-05T10:13:39+00:00,750,358.6,614.4,53761,5836.8,19200,15872,48640
2026-02-05T10:13:56+00:00,751,358.6,614.4,53761,5836.8,19200,15872,48640
2026-02-05T10:14:14+00:00,752,358.6,614.4,53761,5836.8,19200,15872,48640
2026-02-05T10:14:30+00:00,753,358.6,614.4,53761,5811.2,19200,15872,48640
2026-02-05T10:14:47+00:00,754,358.6,614.4,53761,5811.2,19200,15872,48640
2026-02-05T10:15:05+00:00,755,358.6,614.4,53761,5811.2,19200,15872,48640
2026-02-05T10:15:21+00:00,756,358.6,614.4,53505,5811.2,19200,15872,48640
2026-02-05T10:15:38+00:00,757,358.6,588.8,53505,5811.2,19200,15872,48640
2026-02-05T10:15:54+00:00,758,358.6,614.4,53505,5811.2,19200,15872,48640
2026-02-05T10:16:13+00:00,759,358.6,588.8,53505,5785.6,19200,15872,48384
2026-02-05T10:16:36+00:00,760,358.6,588.8,53505,5785.6,19200,15872,48384
2026-02-05T10:16:52+00:00,761,358.6,614.4,53505,5785.6,19200,15872,48384
2026-02-05T10:17:09+00:00,762,358.6,588.8,53505,5785.6,19200,15872,48384
2026-02-05T10:17:25+00:00,763,358.6,588.8,53505,5760,19200,15616,48384
2026-02-05T10:17:42+00:00,764,358.6,588.8,53249,5760,19200,15616,48384
2026-02-05T10:18:00+00:00,765,358.6,588.8,53249,5760,19200,15616,48384
2026-02-05T10:18:18+00:00,766,358.6,588.8,53249,5760,19200,15616,48384
2026-02-05T10:18:34+00:00,767,358.6,588.8,53249,5760,19200,15616,48384
2026-02-05T10:18:50+00:00,768,358.6,588.8,53249,5760,19200,15616,48384
2026-02-05T10:19:08+00:00,769,358.6,588.8,53249,5760,19200,15616,48384
2026-02-05T10:19:26+00:00,770,358.6,588.8,52993,5760,19200,15616,48384
2026-02-05T10:19:42+00:00,771,358.6,588.8,52993,5760,19200,15616,48384
2026-02-05T10:19:59+00:00,772,358.6,588.8,52993,5734.4,19200,15616,48128
2026-02-05T10:20:15+00:00,773,358.6,588.8,52993,5734.4,19200,15616,48128
2026-02-05T10:20:32+00:00,774,358.6,588.8,52993,5734.4,19200,15616,48128
2026-02-05T10:20:48+00:00,775,358.6,588.8,52993,5734.4,19200,15616,48128
2026-02-05T10:21:05+00:00,776,358.6,588.8,52993,5734.4,19200,15616,48128
2026-02-05T10:21:21+00:00,777,358.6,588.8,52737,5734.4,19200,15616,48128
2026-02-05T10:21:38+00:00,778,358.6,588.8,52737,5734.4,19200,15616,48128
2026-02-05T10:21:56+00:00,779,358.6,588.8,52737,5734.4,19200,15616,48128
2026-02-05T10:22:22+00:00,780,358.6,588.8,52737,5708.8,19200,15616,48128
2026-02-05T10:22:39+00:00,781,358.6,588.8,52737,5708.8,19200,15616,48128
2026-02-05T10:22:55+00:00,782,358.6,588.8,52481,5683.2,19200,15616,47872
2026-02-05T10:23:11+00:00,783,358.6,588.8,52481,5683.2,18944,15616,47872
2026-02-05T10:23:28+00:00,784,358.6,588.8,52481,5683.2,18944,15616,47872
2026-02-05T10:23:44+00:00,785,358.6,588.8,52481,5683.2,18944,15616,47872
2026-02-05T10:24:01+00:00,786,358.6,588.8,52481,5683.2,18944,15616,47872
2026-02-05T10:24:17+00:00,787,358.6,588.8,52481,5683.2,18944,15616,47872
2026-02-05T10:24:33+00:00,788,358.6,588.8,52481,5683.2,18944,15616,47872
2026-02-05T10:24:50+00:00,789,358.6,588.8,52481,5657.6,18944,15616,47872
2026-02-05T10:25:06+00:00,790,358.6,588.8,52481,5657.6,18944,15616,47872
2026-02-05T10:25:29+00:00,791,358.6,588.8,52225,5657.6,18944,15616,47872
2026-02-05T10:25:45+00:00,792,358.6,588.8,52225,5657.6,18944,15616,47872
2026-02-05T10:26:02+00:00,793,358.6,588.8,52225,5657.6,18944,15616,47872
2026-02-05T10:26:18+00:00,794,358.6,588.8,52225,5657.6,18944,15616,47872
2026-02-05T10:26:35+00:00,795,358.6,588.8,52225,5657.6,18944,15616,47872
2026-02-05T10:26:53+00:00,796,358.6,588.8,52225,5657.6,18944,15616,47872
2026-02-05T10:27:09+00:00,797,358.6,588.8,52225,5632,18944,15360,47616
2026-02-05T10:27:26+00:00,798,358.6,588.8,52225,5632,18944,15360,47616
2026-02-05T10:27:42+00:00,799,358.6,588.8,51969,5632,18944,15360,47616
2026-02-05T10:27:58+00:00,800,358.6,588.8,51969,5632,18944,15360,47616
2026-02-05T10:28:15+00:00,801,358.6,588.8,51969,5632,18944,15360,47616
2026-02-05T10:28:31+00:00,802,358.6,588.8,51969,5606.4,18944,15360,47616
2026-02-05T10:28:48+00:00,803,358.6,588.8,51969,5606.4,18944,15360,47616
2026-02-05T10:29:05+00:00,804,358.6,588.8,51969,5606.4,18944,15360,47616
2026-02-05T10:29:21+00:00,805,358.6,537.6,51969,5606.4,18944,15360,47616
2026-02-05T10:29:38+00:00,806,358.6,588.8,51969,5606.4,18944,15360,47616
2026-02-05T10:30:16+00:00,807,358.6,537.6,51713,5606.4,18944,15360,47616
2026-02-05T10:30:32+00:00,808,358.6,588.8,51713,5580.8,18944,15360,47360
2026-02-05T10:30:49+00:00,809,358.6,537.6,51713,5606.4,18944,15360,47616
2026-02-05T10:31:06+00:00,810,358.6,537.6,51713,5580.8,18944,15360,47360
2026-02-05T10:31:25+00:00,811,358.6,537.6,51713,5580.8,18944,15360,47360
2026-02-05T10:31:42+00:00,812,358.6,486.4,51713,5580.8,18944,15360,47360
2026-02-05T10:31:58+00:00,813,358.6,588.8,51713,5580.8,18944,15360,47360
2026-02-05T10:32:15+00:00,814,358.6,537.6,51457,5580.8,18944,15360,47360
2026-02-05T10:32:31+00:00,815,358.6,537.6,51713,5580.8,18944,15360,47360
2026-02-05T10:32:48+00:00,816,358.6,537.6,51457,5555.2,18944,15360,47360
2026-02-05T10:33:08+00:00,817,358.6,537.6,51457,5555.2,18944,15360,47360
2026-02-05T10:33:25+00:00,818,358.6,537.6,51457,5555.2,18944,15360,47360
2026-02-05T10:33:41+00:00,819,358.6,486.4,51457,5555.2,18944,15360,47360
2026-02-05T10:34:06+00:00,820,358.6,537.6,51457,5555.2,18944,15360,47360
2026-02-05T10:34:22+00:00,821,358.6,537.6,51457,5555.2,18944,15360,47360
2026-02-05T10:34:39+00:00,822,358.6,537.6,51457,5555.2,18944,15360,47360
2026-02-05T10:34:56+00:00,823,358.6,486.4,51201,5529.6,18944,15360,47104
2026-02-05T10:35:12+00:00,824,358.6,486.4,51201,5529.6,18944,15360,47104
2026-02-05T10:35:28+00:00,825,358.6,537.6,51201,5529.6,18944,15360,47104
2026-02-05T10:35:45+00:00,826,358.6,537.6,51201,5529.6,18944,15360,47104
2026-02-05T10:36:02+00:00,827,358.6,537.6,51201,5529.6,18944,15360,47104
2026-02-05T10:36:19+00:00,828,358.6,537.6,51201,5529.6,18944,15360,47104
2026-02-05T10:36:38+00:00,829,358.6,486.4,51201,5529.6,18944,15360,47104
2026-02-05T10:36:54+00:00,830,358.6,537.6,51201,5504,18944,15104,47104
2026-02-05T10:37:12+00:00,831,358.6,537.6,51201,5504,18944,15104,47104
2026-02-05T10:37:28+00:00,832,358.6,486.4,50945,5529.6,18944,15360,47104
2026-02-05T10:37:46+00:00,833,358.6,486.4,50945,5504,18944,15104,47104
2026-02-05T10:38:02+00:00,834,358.6,537.6,50945,5504,18944,15104,47104
2026-02-05T10:38:18+00:00,835,358.6,486.4,50945,5504,18944,15104,47104
2026-02-05T10:38:35+00:00,836,358.6,486.4,50945,5504,18944,15104,47104
2026-02-05T10:38:51+00:00,837,358.6,486.4,50945,5478.4,18944,15104,46848
2026-02-05T10:39:07+00:00,838,358.6,486.4,50945,5504,18944,15104,47104
2026-02-05T10:39:24+00:00,839,358.6,486.4,50945,5504,18944,15104,47104
2026-02-05T10:39:41+00:00,840,358.6,486.4,50945,5504,18944,15104,47104
2026-02-05T10:39:57+00:00,841,358.6,486.4,50689,5478.4,18944,15104,46848
2026-02-05T10:40:14+00:00,842,358.6,486.4,50689,5478.4,18944,15104,46848
2026-02-05T10:40:30+00:00,843,358.6,460.8,50689,5478.4,18944,15104,46848
2026-02-05T10:40:47+00:00,844,358.6,486.4,50689,5478.4,18944,15104,46848
2026-02-05T10:41:05+00:00,845,358.6,486.4,50689,5478.4,18944,15104,46848
2026-02-05T10:41:21+00:00,846,358.6,486.4,50689,5478.4,18944,15104,46848
2026-02-05T10:41:38+00:00,847,358.6,486.4,50689,5452.8,18944,15104,46848
2026-02-05T10:41:54+00:00,848,358.6,486.4,50689,5452.8,18944,15104,46848
2026-02-05T10:42:11+00:00,849,358.6,486.4,50689,5452.8,18944,15104,46848
2026-02-05T10:42:28+00:00,850,358.6,460.8,50433,5452.8,18944,15104,46848
2026-02-05T10:42:45+00:00,851,358.6,460.8,50433,5452.8,18944,15104,46848
2026-02-05T10:43:01+00:00,852,358.6,486.4,50433,5452.8,18944,15104,46848
2026-02-05T10:43:19+00:00,853,358.6,486.4,50433,5452.8,18944,15104,46848
2026-02-05T10:43:35+00:00,854,358.6,460.8,50433,5452.8,18944,15104,46848
2026-02-05T10:43:52+00:00,855,358.6,460.8,50433,5452.8,18944,15104,46848
2026-02-05T10:44:08+00:00,856,358.6,486.4,50433,5427.2,18944,15104,46592
2026-02-05T10:44:25+00:00,857,358.6,460.8,50433,5427.2,18944,15104,46592
2026-02-05T10:44:44+00:00,858,358.6,460.8,50433,5452.8,18944,15104,46848
2026-02-05T10:45:00+00:00,859,358.6,460.8,50433,5427.2,18944,15104,46592
2026-02-05T10:45:17+00:00,860,358.6,486.4,50433,5452.8,18944,15104,46848
2026-02-05T10:45:33+00:00,861,358.6,460.8,50433,5427.2,18944,15104,46592
2026-02-05T10:45:50+00:00,862,358.6,460.8,50433,5427.2,18944,15104,46592
2026-02-05T10:46:06+00:00,863,358.6,460.8,50177,5427.2,18944,15104,46592
2026-02-05T10:46:23+00:00,864,358.6,460.8,50433,5427.2,18944,15104,46592
2026-02-05T10:46:40+00:00,865,358.6,460.8,50177,5427.2,18944,15104,46592
2026-02-05T10:46:56+00:00,866,358.6,460.8,50177,5427.2,18944,15104,46592
2026-02-05T10:47:13+00:00,867,358.6,460.8,50177,5427.2,18944,15104,46592
2026-02-05T10:47:29+00:00,868,358.6,460.8,50177,5401.6,18944,15104,46592
2026-02-05T10:47:47+00:00,869,358.6,460.8,50177,5427.2,18944,15104,46592
2026-02-05T10:48:04+00:00,870,358.6,460.8,50177,5427.2,18944,15104,46592
2026-02-05T10:48:20+00:00,871,358.6,460.8,50177,5401.6,18944,15104,46592
2026-02-05T10:48:38+00:00,872,358.6,460.8,50177,5401.6,18944,15104,46592
2026-02-05T10:48:54+00:00,873,358.6,460.8,50177,5401.6,18944,15104,46592
2026-02-05T10:49:10+00:00,874,358.6,460.8,50177,5401.6,18944,15104,46592
2026-02-05T10:49:27+00:00,875,358.6,409.6,50177,5401.6,18944,15104,46592
2026-02-05T10:49:43+00:00,876,358.6,460.8,50177,5401.6,18944,15104,46592
2026-02-05T10:50:00+00:00,877,358.6,409.6,49921,5401.6,18944,15104,46592
2026-02-05T10:50:17+00:00,878,358.6,460.8,49921,5401.6,18944,15104,46592
2026-02-05T10:50:33+00:00,879,358.6,460.8,49921,5401.6,18944,15104,46592
2026-02-05T10:50:49+00:00,880,358.6,460.8,49921,5401.6,18944,15104,46592
2026-02-05T10:51:05+00:00,881,358.6,409.6,49921,5401.6,18944,15104,46592
2026-02-05T10:51:22+00:00,882,358.6,460.8,49921,5376,18944,14848,46336
2026-02-05T10:51:38+00:00,883,358.6,460.8,49921,5401.6,18944,15104,46592
2026-02-05T10:51:54+00:00,884,358.6,409.6,49921,5376,18944,14848,46336
2026-02-05T10:52:11+00:00,885,358.6,409.6,49921,5376,18944,14848,46336
2026-02-05T10:52:27+00:00,886,358.6,409.6,49921,5401.6,18944,15104,46592
2026-02-05T10:52:43+00:00,887,358.6,409.6,49665,5376,18944,14848,46336
2026-02-05T10:53:00+00:00,888,358.6,409.6,49665,5376,18944,14848,46336
2026-02-05T10:53:16+00:00,889,358.6,460.8,49665,5376,18944,14848,46336
2026-02-05T10:53:34+00:00,890,358.6,409.6,49665,5376,18944,14848,46336
2026-02-05T10:53:50+00:00,891,358.6,409.6,49665,5376,18944,14848,46336
2026-02-05T10:54:07+00:00,892,358.6,409.6,49665,5376,18944,14848,46336
2026-02-05T10:54:23+00:00,893,358.6,409.6,49665,5376,18944,14848,46336
2026-02-05T10:54:40+00:00,894,358.6,409.6,49665,5376,18944,14848,46336
2026-02-05T10:54:56+00:00,895,358.6,409.6,49665,5376,18944,14848,46336
2026-02-05T10:55:12+00:00,896,358.6,409.6,49665,5376,18944,14848,46336
2026-02-05T10:55:28+00:00,897,358.6,409.6,49665,5376,18944,14848,46336
2026-02-05T10:55:46+00:00,898,358.6,460.8,49665,5376,18944,14848,46336
2026-02-05T10:56:03+00:00,899,358.6,409.6,49665,5350.4,18944,14848,46336
2026-02-05T10:56:20+00:00,900,358.6,409.6,49665,5376,18944,14848,46336
2026-02-05T10:56:36+00:00,901,358.6,409.6,49665,5350.4,18944,14848,46336
2026-02-05T10:56:55+00:00,902,358.6,409.6,49665,5350.4,18944,14848,46336
2026-02-05T10:57:14+00:00,903,358.6,409.6,49665,5350.4,18944,14848,46336
2026-02-05T10:57:30+00:00,904,358.6,409.6,49409,5350.4,18944,14848,46336
2026-02-05T10:57:47+00:00,905,358.6,409.6,49409,5350.4,18944,14848,46336
2026-02-05T10:58:03+00:00,906,358.6,409.6,49665,5350.4,18944,14848,46336
2026-02-05T10:58:19+00:00,907,358.6,409.6,49409,5350.4,18944,14848,46336
2026-02-05T10:58:36+00:00,908,358.6,409.6,49409,5350.4,18944,14848,46336
2026-02-05T10:58:53+00:00,909,358.6,409.6,49409,5324.8,18944,14848,46336
2026-02-05T10:59:11+00:00,910,358.6,409.6,49409,5324.8,18944,14848,46336
2026-02-05T10:59:28+00:00,911,358.6,409.6,49409,5324.8,18944,14848,46336
2026-02-05T10:59:44+00:00,912,358.6,409.6,49409,5324.8,18944,14848,46336
2026-02-05T11:00:02+00:00,913,358.6,409.6,49409,5324.8,18944,14848,46336
2026-02-05T11:00:19+00:00,914,358.6,409.6,49409,5324.8,18944,14848,46336
2026-02-05T11:00:36+00:00,915,358.6,409.6,49409,5324.8,18944,14848,46336
2026-02-05T11:00:53+00:00,916,358.6,409.6,49409,5324.8,18944,14848,46336
2026-02-05T11:01:10+00:00,917,358.6,409.6,49409,5324.8,18944,14848,46336
2026-02-05T11:01:27+00:00,918,358.6,409.6,49409,5324.8,18944,14848,46336
2026-02-05T11:01:44+00:00,919,358.6,409.6,49409,5324.8,18944,14848,46336
2026-02-05T11:02:00+00:00,920,358.6,409.6,49153,5324.8,18944,14848,46336
2026-02-05T11:02:17+00:00,921,358.6,409.6,49153,5324.8,18944,14848,46336
2026-02-05T11:02:33+00:00,922,358.6,409.6,49153,5324.8,18944,14848,46336
2026-02-05T11:02:49+00:00,923,358.6,409.6,49153,5299.2,18944,14848,46080
2026-02-05T11:03:06+00:00,924,358.6,409.6,49153,5299.2,18944,14848,46080
2026-02-05T11:03:22+00:00,925,358.6,409.6,49153,5299.2,18944,14848,46080
2026-02-05T11:03:39+00:00,926,358.6,409.6,49153,5299.2,18944,14848,46080
2026-02-05T11:03:55+00:00,927,358.6,409.6,49153,5299.2,18944,14848,46080
2026-02-05T11:04:11+00:00,928,358.6,409.6,49153,5299.2,18944,14848,46080
2026-02-05T11:04:28+00:00,929,358.6,409.6,48897,5299.2,18944,14848,46080
2026-02-05T11:04:44+00:00,930,358.6,409.6,49153,5299.2,18944,14848,46080
2026-02-05T11:05:01+00:00,931,358.6,409.6,48897,5299.2,18944,14848,46080
2026-02-05T11:05:17+00:00,932,358.6,409.6,48897,5299.2,18944,14848,46080
2026-02-05T11:05:33+00:00,933,358.6,409.6,48897,5299.2,18944,14848,46080
2026-02-05T11:05:49+00:00,934,358.6,409.6,48897,5299.2,18944,14848,46080
2026-02-05T11:06:06+00:00,935,358.6,409.6,48897,5299.2,18944,14848,46080
2026-02-05T11:06:22+00:00,936,358.6,409.6,48897,5299.2,18944,14848,46080
2026-02-05T11:06:39+00:00,937,358.6,409.6,48897,5299.2,18944,14848,46080
2026-02-05T11:06:55+00:00,938,358.6,409.6,48897,5299.2,18944,14848,46080
2026-02-05T11:07:11+00:00,939,358.6,409.6,48897,5273.6,18944,14592,46080
2026-02-05T11:07:29+00:00,940,358.6,409.6,48897,5299.2,18944,14848,46080
2026-02-05T11:07:45+00:00,941,358.6,409.6,48897,5273.6,18944,14592,46080
2026-02-05T11:08:01+00:00,942,358.6,409.6,48897,5273.6,18944,14592,46080
2026-02-05T11:08:20+00:00,943,358.6,409.6,48897,5273.6,18944,14592,46080
2026-02-05T11:08:36+00:00,944,358.6,409.6,48897,5273.6,18944,14592,46080
2026-02-05T11:08:52+00:00,945,358.6,358.4,48641,5273.6,18944,14592,46080
2026-02-05T11:09:09+00:00,946,358.6,409.6,48641,5273.6,18944,14592,46080
2026-02-05T11:09:25+00:00,947,358.6,409.6,48641,5273.6,18944,14592,46080
2026-02-05T11:09:42+00:00,948,358.6,409.6,48641,5273.6,18944,14592,46080
2026-02-05T11:09:58+00:00,949,358.6,358.4,48641,5248,18944,14592,45824
2026-02-05T11:10:14+00:00,950,358.6,409.6,48641,5222.4,18944,14592,45824
2026-02-05T11:10:30+00:00,951,358.6,409.6,48641,5248,18944,14592,45824
2026-02-05T11:10:48+00:00,952,358.6,409.6,48641,5248,18944,14592,45824
2026-02-05T11:11:05+00:00,953,358.6,358.4,48641,5248,18944,14592,45824
2026-02-05T11:11:22+00:00,954,358.6,409.6,48641,5248,18944,14592,45824
2026-02-05T11:11:38+00:00,955,358.6,358.4,48641,5248,18944,14592,45824
2026-02-05T11:11:56+00:00,956,358.6,409.6,48641,5248,18944,14592,45824
2026-02-05T11:12:13+00:00,957,358.6,358.4,48641,5248,18944,14592,45824
2026-02-05T11:12:29+00:00,958,358.6,358.4,48641,5248,18944,14592,45824
2026-02-05T11:12:45+00:00,959,358.6,409.6,48641,5248,18944,14592,45824
2026-02-05T11:13:03+00:00,960,358.6,358.4,48641,5248,18944,14592,45824
2026-02-05T11:13:19+00:00,961,358.6,358.4,48641,5222.4,18944,14592,45824
2026-02-05T11:13:35+00:00,962,358.6,409.6,48641,5248,18944,14592,45824
2026-02-05T11:13:52+00:00,963,358.6,358.4,48641,5222.4,18944,14592,45824
2026-02-05T11:14:08+00:00,964,358.6,358.4,48641,5222.4,18944,14592,45824
2026-02-05T11:14:24+00:00,965,358.6,358.4,48641,5222.4,18944,14592,45824
2026-02-05T11:14:41+00:00,966,358.6,358.4,48641,5222.4,18944,14592,45824
2026-02-05T11:14:57+00:00,967,358.6,358.4,48641,5222.4,18944,14592,45824
2026-02-05T11:15:13+00:00,968,358.6,358.4,48641,5222.4,18944,14592,45824
2026-02-05T11:15:30+00:00,969,358.6,358.4,48385,5222.4,18944,14592,45824
2026-02-05T11:15:46+00:00,970,358.6,358.4,48385,5222.4,18944,14592,45824
2026-02-05T11:16:04+00:00,971,358.6,358.4,48385,5196.8,18944,14592,45568
2026-02-05T11:16:21+00:00,972,358.6,358.4,48385,5222.4,18944,14592,45824
2026-02-05T11:16:37+00:00,973,358.6,358.4,48385,5222.4,18944,14592,45824
2026-02-05T11:16:54+00:00,974,358.6,358.4,48385,5222.4,18944,14592,45824
2026-02-05T11:17:10+00:00,975,358.6,358.4,48385,5222.4,18944,14592,45824
2026-02-05T11:17:26+00:00,976,358.6,358.4,48385,5222.4,18944,14592,45824
2026-02-05T11:17:42+00:00,977,358.6,358.4,48385,5222.4,18944,14592,45824
2026-02-05T11:17:59+00:00,978,358.6,307.2,48385,5222.4,18944,14592,45824
2026-02-05T11:18:16+00:00,979,358.6,358.4,48385,5222.4,18944,14592,45824
2026-02-05T11:18:32+00:00,980,358.6,358.4,48385,5196.8,18944,14592,45568
2026-02-05T11:18:52+00:00,981,358.6,358.4,48385,5196.8,18944,14592,45568
2026-02-05T11:19:08+00:00,982,358.6,358.4,48385,5196.8,18944,14592,45568
2026-02-05T11:19:25+00:00,983,358.6,358.4,48385,5196.8,18944,14592,45568
2026-02-05T11:19:41+00:00,984,358.6,358.4,48385,5196.8,18944,14592,45568
2026-02-05T11:19:57+00:00,985,358.6,358.4,48385,5196.8,18944,14592,45568
2026-02-05T11:20:15+00:00,986,358.6,358.4,48385,5196.8,18944,14592,45568
2026-02-05T11:20:32+00:00,987,358.6,358.4,48129,5196.8,18944,14592,45568
2026-02-05T11:20:51+00:00,988,358.6,358.4,48129,5171.2,18944,14592,45568
2026-02-05T11:21:07+00:00,989,358.6,307.2,48129,5196.8,18944,14592,45568
2026-02-05T11:21:23+00:00,990,358.6,307.2,48129,5171.2,18944,14592,45568
2026-02-05T11:21:39+00:00,991,358.6,307.2,48129,5171.2,18944,14592,45568
2026-02-05T11:21:56+00:00,992,358.6,307.2,48129,5171.2,18944,14592,45568
2026-02-05T11:22:12+00:00,993,358.6,307.2,48129,5171.2,18944,14592,45568
2026-02-05T11:22:28+00:00,994,358.6,358.4,48129,5171.2,18944,14592,45568
2026-02-05T11:22:45+00:00,995,358.6,307.2,48129,5171.2,18944,14592,45568
2026-02-05T11:23:03+00:00,996,358.6,307.2,48129,5171.2,18944,14592,45568
2026-02-05T11:23:19+00:00,997,358.6,358.4,48129,5196.8,18944,14592,45568
2026-02-05T11:23:36+00:00,998,358.6,307.2,48129,5171.2,18944,14592,45568
2026-02-05T11:23:52+00:00,999,358.6,307.2,48129,5171.2,18944,14592,45568
2026-02-05T11:24:09+00:00,1000,358.6,358.4,48129,5171.2,18944,14592,45568
2026-02-05T11:24:26+00:00,1001,358.6,307.2,48129,5171.2,18944,14592,45568
2026-02-05T11:24:42+00:00,1002,358.6,307.2,48129,5171.2,18944,14592,45568
2026-02-05T11:24:58+00:00,1003,358.6,307.2,48129,5171.2,18944,14592,45568
2026-02-05T11:25:15+00:00,1004,358.6,307.2,48129,5171.2,18944,14592,45568
2026-02-05T11:25:31+00:00,1005,358.6,307.2,47873,5171.2,18944,14592,45568
2026-02-05T11:25:48+00:00,1006,358.6,307.2,47873,5171.2,18944,14592,45568
2026-02-05T11:26:04+00:00,1007,358.6,307.2,47873,5171.2,18944,14592,45568
2026-02-05T11:26:23+00:00,1008,358.6,307.2,47873,5171.2,18944,14592,45568
2026-02-05T11:26:39+00:00,1009,358.6,307.2,47873,5171.2,18944,14592,45568
2026-02-05T11:26:56+00:00,1010,358.6,307.2,47873,5171.2,18944,14592,45568
2026-02-05T11:27:15+00:00,1011,358.6,307.2,47873,5171.2,18944,14592,45568
2026-02-05T11:27:32+00:00,1012,358.6,307.2,47873,5171.2,18944,14592,45568
2026-02-05T11:27:48+00:00,1013,358.6,307.2,47873,5171.2,18944,14592,45568
2026-02-05T11:28:06+00:00,1014,358.6,307.2,47873,5145.6,18944,14336,45312
2026-02-05T11:28:24+00:00,1015,358.6,307.2,47873,5171.2,18944,14592,45568
2026-02-05T11:28:40+00:00,1016,358.6,307.2,47873,5171.2,18944,14592,45568
2026-02-05T11:28:56+00:00,1017,358.6,281.6,47873,5145.6,18944,14336,45312
2026-02-05T11:29:12+00:00,1018,358.6,307.2,47873,5145.6,18944,14336,45312
2026-02-05T11:29:29+00:00,1019,358.6,307.2,47873,5145.6,18944,14336,45312
2026-02-05T11:29:45+00:00,1020,358.6,307.2,47873,5171.2,18944,14592,45568
2026-02-05T11:30:03+00:00,1021,358.6,281.6,47873,5145.6,18944,14336,45312
2026-02-05T11:30:19+00:00,1022,358.6,307.2,47873,5145.6,18944,14336,45312
2026-02-05T11:30:36+00:00,1023,358.6,307.2,47873,5145.6,18944,14336,45312
2026-02-05T11:30:53+00:00,1024,358.6,307.2,47873,5145.6,18944,14336,45312
2026-02-05T11:31:09+00:00,1025,358.6,307.2,47873,5171.2,18944,14592,45568
2026-02-05T11:31:25+00:00,1026,358.6,307.2,47873,5145.6,18944,14336,45312
2026-02-05T11:31:42+00:00,1027,358.6,307.2,47873,5145.6,18944,14336,45312
2026-02-05T11:31:58+00:00,1028,358.6,307.2,47617,5145.6,18944,14336,45312
2026-02-05T11:32:14+00:00,1029,358.6,281.6,47873,5145.6,18944,14336,45312
2026-02-05T11:32:30+00:00,1030,358.6,281.6,47873,5145.6,18944,14336,45312
2026-02-05T11:32:47+00:00,1031,358.6,281.6,47617,5145.6,18944,14336,45312
2026-02-05T11:33:03+00:00,1032,358.6,281.6,47617,5145.6,18944,14336,45312
2026-02-05T11:33:20+00:00,1033,358.6,281.6,47617,5145.6,18944,14336,45312
2026-02-05T11:33:36+00:00,1034,358.6,281.6,47617,5145.6,18944,14336,45312
2026-02-05T11:33:52+00:00,1035,358.6,281.6,47617,5145.6,18944,14336,45312
2026-02-05T11:34:08+00:00,1036,358.6,281.6,47617,5145.6,18944,14336,45312
2026-02-05T11:34:25+00:00,1037,358.6,281.6,47617,5145.6,18944,14336,45312
2026-02-05T11:34:42+00:00,1038,358.6,281.6,47617,5120,18944,14336,45312
2026-02-05T11:34:59+00:00,1039,358.6,281.6,47617,5120,18944,14336,45312
2026-02-05T11:35:16+00:00,1040,358.6,281.6,47617,5120,18944,14336,45312
2026-02-05T11:35:34+00:00,1041,358.6,281.6,47617,5120,18944,14336,45312
2026-02-05T11:35:50+00:00,1042,358.6,281.6,47617,5120,18944,14336,45312
2026-02-05T11:36:07+00:00,1043,358.6,281.6,47617,5120,18944,14336,45312
2026-02-05T11:36:23+00:00,1044,358.6,281.6,47617,5120,18944,14336,45312
2026-02-05T11:36:40+00:00,1045,358.6,281.6,47617,5120,18944,14336,45312
2026-02-05T11:36:56+00:00,1046,358.6,281.6,47617,5120,18944,14336,45312
2026-02-05T11:37:12+00:00,1047,358.6,281.6,47617,5120,18944,14336,45312
2026-02-05T11:37:29+00:00,1048,358.6,281.6,47361,5120,18944,14336,45312
2026-02-05T11:37:46+00:00,1049,358.6,281.6,47617,5094.4,18944,14336,45056
2026-02-05T11:38:03+00:00,1050,358.6,281.6,47361,5120,18944,14336,45312
2026-02-05T11:38:19+00:00,1051,358.6,281.6,47361,5120,18944,14336,45312
2026-02-05T11:38:35+00:00,1052,358.6,281.6,47361,5120,18944,14336,45312
2026-02-05T11:38:51+00:00,1053,358.6,281.6,47361,5120,18944,14336,45312
2026-02-05T11:39:08+00:00,1054,358.6,281.6,47361,5120,18944,14336,45312
2026-02-05T11:39:24+00:00,1055,358.6,281.6,47361,5094.4,18944,14336,45056
2026-02-05T11:39:41+00:00,1056,358.6,281.6,47361,5120,18944,14336,45312
2026-02-05T11:39:57+00:00,1057,358.6,230.4,47361,5120,18944,14336,45312
2026-02-05T11:40:13+00:00,1058,358.6,230.4,47361,5094.4,18944,14336,45056
2026-02-05T11:40:30+00:00,1059,358.6,230.4,47361,5094.4,18944,14336,45056
2026-02-05T11:40:46+00:00,1060,358.6,230.4,47361,5094.4,18944,14336,45056
2026-02-05T11:41:03+00:00,1061,358.6,230.4,47361,5094.4,18944,14336,45056
2026-02-05T11:41:19+00:00,1062,358.6,281.6,47361,5094.4,18944,14336,45056
2026-02-05T11:41:35+00:00,1063,358.6,51.2,47361,5094.4,18944,14336,45056
2026-02-05T11:41:51+00:00,1064,358.6,51.2,47361,5094.4,18944,14336,45056
2026-02-05T11:42:08+00:00,1065,358.6,51.2,47361,5094.4,18944,14336,45056
2026-02-05T11:42:24+00:00,1066,358.6,51.2,47361,5094.4,18944,14336,45056
2026-02-05T11:42:41+00:00,1067,358.6,102.4,47361,5068.8,18944,14336,45056
2026-02-05T11:42:59+00:00,1068,358.6,51.2,47361,5094.4,18944,14336,45056
2026-02-05T11:43:15+00:00,1069,358.6,102.4,47361,5094.4,18944,14336,45056
2026-02-05T11:43:31+00:00,1070,358.6,51.2,47105,5068.8,18944,14336,45056
2026-02-05T11:43:48+00:00,1071,358.6,51.2,47105,5068.8,18944,14336,45056
2026-02-05T11:44:05+00:00,1072,358.6,102.4,47105,5068.8,18944,14336,45056
2026-02-05T11:44:21+00:00,1073,358.6,102.4,47105,5068.8,18944,14336,45056
2026-02-05T15:45:34+00:00,1074,0,0,0,0,64512,0,65280
2026-02-05T15:45:51+00:00,1075,0,0,0,25.2,0,0,0
2026-02-05T15:46:07+00:00,1076,0,0,0,0,0,0,0
2026-02-05T15:46:23+00:00,1077,25.5,0,255,0,0,0,0
2026-02-05T15:46:40+00:00,1078,0,0,0,6502.4,0,1,0
2026-02-05T15:46:57+00:00,1079,0,0,0,25.6,0,65280,0
2026-02-05T15:47:13+00:00,1080,0,6502.4,0,0,0,0,1
2026-02-05T15:47:31+00:00,1081,0,0,255,0,0,0,0
2026-02-05T15:52:33+00:00,1082,0,0,0,6528,0,0,255
2026-02-05T15:52:49+00:00,1083,0,0,0,6528,0,0,0
2026-02-05T15:55:14+00:00,1084,0,0,0,0.1,254,0,0
